Job ID,Job URL,Job Title,Company Name,Status,Timestamp,WP ID
319de69dd32dc823,https://cd.linkedin.com/jobs/view/officer-sourcing-contracting-at-mmg-limited-4436354047,Officer - Sourcing & Contracting,,scraped,2026-07-08T20:33:31.362898,
609f13d2af9cf77c,https://cd.linkedin.com/jobs/view/security-and-access-officer-at-fhi-360-4437703913,Security and Access Officer,FHI 360,posted,2026-07-08T20:33:46.388022,31
9c2f36144f8e115a,https://cd.linkedin.com/jobs/view/specialist-%E2%80%93-sourcing-contracting-at-mmg-limited-4436314668,Specialist – Sourcing & Contracting,,scraped,2026-07-08T20:33:49.045558,
3980f9527a62b8cc,https://cd.linkedin.com/jobs/view/on-site-winder-specialist-at-ge-vernova-4437801997,On Site Winder Specialist,GE Vernova,posted,2026-07-08T20:34:00.695491,33
e1a019ca1cdd3b86,https://cd.linkedin.com/jobs/view/compensation-and-benefits-manager-at-africell-rdc-4434838310,Compensation and Benefits Manager,,scraped,2026-07-08T20:34:03.377917,
e880c3d562064c01,https://cd.linkedin.com/jobs/view/logistics-operations-support-at-trafigura-4433916040,Logistics Operations Support,,scraped,2026-07-08T20:34:13.538835,
33c1d423897b0d9f,https://cd.linkedin.com/jobs/view/safeguarding-officer-at-fhi-360-4437725139,Safeguarding Officer,FHI 360,posted,2026-07-08T20:34:26.450212,35
2399b7c05294d78f,https://cd.linkedin.com/jobs/view/customer-experience-quality-assurance-officer-lubumbashi-drc-at-burn-4438291645,"Customer Experience Quality Assurance Officer - Lubumbashi, DRC",,scraped,2026-07-08T20:34:28.970126,
5817140bb47d483e,https://cd.linkedin.com/jobs/view/community-engagement-worker-at-international-rescue-committee-4436395922,Community Engagement Worker,International Rescue Committee,posted,2026-07-08T20:34:43.147137,37
c76d8ac7ac5f6d3e,https://cd.linkedin.com/jobs/view/responsable-des-achats-at-accor-4436879667,Responsable des Achats,Accor,posted,2026-07-08T20:34:55.827118,39
185c3f7e884f3b33,https://cd.linkedin.com/jobs/view/officier-wash-ituri-at-international-rescue-committee-4436459626,Officier WASH - Ituri,International Rescue Committee,posted,2026-07-08T20:35:04.221926,41
e154274d62abcaac,https://cd.linkedin.com/jobs/view/licensing-and-economic-regulations-analyst-at-airtel-kenya-4434858216,Licensing and Economic Regulations Analyst,,scraped,2026-07-08T20:35:06.858216,
229a14f7f599f9cf,https://cd.linkedin.com/jobs/view/investment-specialist-open-to-internal-and-external-applicants-at-international-civil-aviation-organization-4438150790,Investment Specialist [Open to internal and external applicants],International Civil Aviation Organization,posted,2026-07-08T20:35:24.868384,43
c75ccc314f8ef06e,https://cd.linkedin.com/jobs/view/mtc-manager-at-a-igreja-de-jesus-cristo-dos-santos-dos-%C3%BAltimos-dias-4436470262,MTC Manager,,scraped,2026-07-08T20:35:27.651903,
0dbf33d377a56910,https://cd.linkedin.com/jobs/view/environmental-manager-at-glencore-4436229912,Environmental Manager,,scraped,2026-07-08T20:35:34.111438,
ccb81aee2bb2b83b,https://cd.linkedin.com/jobs/view/caissiere-agent-de-rec-at-itm-tanzania-limited-4436845878,Caissiere / agent de rec...,,scraped,2026-07-08T20:35:40.774076,
2b789910c4a90555,https://cd.linkedin.com/jobs/view/investment-specialist-npsa11-kinshasa-democratic-republic-of-congo-uncdf-open-to-internal-and-external-applicants-at-international-civil-aviation-organization-4438146987,"Investment Specialist, NPSA11, Kinshasa, Democratic Republic of Congo, UNCDF [Open to internal and external applicants]",International Civil Aviation Organization,posted,2026-07-08T20:35:56.846617,45
64a711ebd6c5db87,https://cd.linkedin.com/jobs/view/core-drill-operator-at-saasa-b2e-4436255315,Core Drill Operator,,scraped,2026-07-08T20:35:59.521565,
3a96db4e880c0e5b,https://cd.linkedin.com/jobs/view/technician-at-bia-group-4433136077,Technician,,scraped,2026-07-08T20:36:06.151576,
91172265977a41df,https://cd.linkedin.com/jobs/view/investment-specialist-npsa11-kinshasa-democratic-republic-of-congo-uncdf-open-to-internal-and-external-applicants-at-undp-careers-4438181457,"Investment Specialist, NPSA11, Kinshasa, Democratic Republic of Congo, UNCDF [Open to internal and external applicants]",UNDP Careers,posted,2026-07-08T20:36:18.755765,47
661a7df4fff986b5,https://cd.linkedin.com/jobs/view/comptable-h-f-at-julisha-cd-4436411855,Comptable (H/F),,scraped,2026-07-08T20:36:21.391245,
711013196376a0c6,https://cd.linkedin.com/jobs/view/assistant-e-du-controle-des-mouvements-gl-5-movcon-assistant-goma-at-julisha-cd-4436434089,"ASSISTANT(E) DU CONTROLE DES MOUVEMENTS, GL-5/MOVCON ASSISTANT/GOMA",,scraped,2026-07-08T20:36:27.791412,
d7daa343c65704b4,https://cd.linkedin.com/jobs/view/coordinateur-de-project-position-nationale-at-julisha-cd-4436416842,Coordinateur de Project ( Position Nationale ),,scraped,2026-07-08T20:36:34.232855,
00a42c025c973f5d,https://cd.linkedin.com/jobs/view/responsable-financier-at-julisha-cd-4438192400,Responsable Financier,,scraped,2026-07-08T20:36:40.616695,
5c1b6b80a22be8d0,https://cd.linkedin.com/jobs/view/market-development-manager-drc-rc-at-julisha-cd-4436429314,Market Development Manager DRC & RC,,scraped,2026-07-08T20:36:47.615973,
11a0546a4984c3bf,https://cd.linkedin.com/jobs/view/administrative-officer-goma-filed-only-at-catholic-relief-services-4433795973,Administrative Officer- Goma ( Filed Only),Catholic Relief Services,posted,2026-07-08T20:37:00.951309,49
d2675a2fbe5818bd,https://cd.linkedin.com/jobs/view/engineer-intern-at-unops-4431534139,Engineer Intern,,scraped,2026-07-08T20:37:03.593731,
94dbfb86b9ffd120,https://cd.linkedin.com/jobs/view/expert-en-gestion-des-achats-et-des-approvisionnements-at-julisha-cd-4438190401,Expert en gestion des achats et des approvisionnements,,scraped,2026-07-08T20:37:11.073304,
ab5f0444e5e64ae5,https://cd.linkedin.com/jobs/view/administrateur-r%C3%A9gional-at-julisha-cd-4438200132,Administrateur Régional,,scraped,2026-07-08T20:37:17.853370,
c977fa12a66bd419,https://cd.linkedin.com/jobs/view/head-of-programmes-in-drc-at-julisha-cd-4438189678,Head of Programmes in DRC,,scraped,2026-07-08T20:37:24.418187,
66b5828dd7179a90,https://cd.linkedin.com/jobs/view/avis-au-public-at-julisha-cd-4438185729,AVIS AU PUBLIC,,scraped,2026-07-08T20:37:30.732067,
87eaafb7bc064f70,https://cd.linkedin.com/jobs/view/assistante-administrative-comptable-at-julisha-cd-4438184915,Assistante Administrative & Comptable,,scraped,2026-07-08T20:37:37.184289,
0911e0243a62c104,https://cd.linkedin.com/jobs/view/responsable-sant%C3%A9-nutrition-at-julisha-cd-4436423523,Responsable Santé & Nutrition,,scraped,2026-07-08T20:37:43.637320,
971a10b61b496c5e,https://cd.linkedin.com/jobs/view/head-of-systems-and-operations-for-dr-congo-at-people-in-need-zambia-4436981433,Head of Systems and Operations for DR Congo,People in Need Zambia,posted,2026-07-08T20:37:57.153543,51
b1e304e3a57efd27,https://cd.linkedin.com/jobs/view/sales-administration-officer-at-bia-group-4433190686,Sales Administration Officer,,scraped,2026-07-08T20:37:59.850752,
3e7af78752696578,https://cd.linkedin.com/jobs/view/project-supervisor-at-julisha-cd-4436426283,PROJECT SUPERVISOR,,scraped,2026-07-08T20:38:06.003646,
f68189da141c066b,https://cd.linkedin.com/jobs/view/responsable-de-l-approvisionnement-at-julisha-cd-4436415900,Responsable de l'approvisionnement,,scraped,2026-07-08T20:38:12.259980,
8eb8e01ab66babf1,https://cd.linkedin.com/jobs/view/external-evaluation-of-bha-funded-multisector-assistance-program-in-eastern-drc-at-julisha-cd-4436431217,External Evaluation of BHA-funded Multisector Assistance Program in Eastern DRC,,scraped,2026-07-08T20:38:18.722725,
6d8efa7ad05bc86c,https://cd.linkedin.com/jobs/view/logisticien-at-julisha-cd-4438204023,Logisticien,,scraped,2026-07-08T20:38:24.973824,
1b6d289fb541e43b,https://cd.linkedin.com/jobs/view/chef-de-mission-at-julisha-cd-4436421563,Chef de Mission,,scraped,2026-07-08T20:38:31.502641,
e7102ad7da27047d,https://cd.linkedin.com/jobs/view/administrative-officer-bunia-ouvert-aux-residents-de-l-ituri-at-catholic-relief-services-4433908302,Administrative Officer Bunia (ouvert aux residents de l'Ituri),Catholic Relief Services,posted,2026-07-08T20:38:47.511311,53
1eeaa41543593ae8,https://cd.linkedin.com/jobs/view/finance-officer-at-fhi-360-4437875245,Finance Officer,FHI 360,posted,2026-07-08T20:38:57.032941,55
bdf825af6b8c3d03,https://cd.linkedin.com/jobs/view/ai-video-creator-at-the-flex-4436775508,AI Video Creator,,scraped,2026-07-08T20:38:59.657473,
dc9a4abf127848e4,https://cd.linkedin.com/jobs/view/manager-hr-services-at-vodacom-4430605650,Manager HR services,,scraped,2026-07-08T20:39:06.385580,
7600c2088548043a,https://cd.linkedin.com/jobs/view/technical-policy-government-affairs-mgr-at-vodacom-4433751425,"Technical, Policy-Government Affairs MGR",,scraped,2026-07-08T20:39:12.968633,
4da5f45235011f2c,https://cd.linkedin.com/jobs/view/technology-cost-business-partner-mgr-at-vodacom-4431005333,Technology & Cost Business Partner MGR,,scraped,2026-07-08T20:39:19.308609,
9c188c47281ca4f7,https://cd.linkedin.com/jobs/view/finance-associate-at-fhi-360-4437708774,Finance Associate,FHI 360,posted,2026-07-08T20:39:31.449817,57
bbd25c38b94216b8,https://cd.linkedin.com/jobs/view/chef-de-projet-at-unops-4433988200,Chef de projet,,scraped,2026-07-08T20:39:34.083226,
6c69fb052525103e,https://cd.linkedin.com/jobs/view/project-management-support-officer-at-unops-4434849415,Project Management Support - Officer,,scraped,2026-07-08T20:39:41.405706,
24752b22d03a22a6,https://cd.linkedin.com/jobs/view/chauffeur-at-julisha-cd-4436417818,Chauffeur,,scraped,2026-07-08T20:39:48.311786,
366a0067b7f92925,https://cd.linkedin.com/jobs/view/finance-manager-pour-kinshasa-avec-plusieurs-descentes-%C3%A0-dungu-at-julisha-cd-4436433171,Finance Manager pour Kinshasa avec plusieurs descentes à Dungu,,scraped,2026-07-08T20:39:54.941617,
e8dc1f2029d56ad4,https://cd.linkedin.com/jobs/view/channels-events-branding-manager-at-vodacom-4431000469,Channels & Events Branding Manager,,scraped,2026-07-08T20:40:01.656663,
f1f5591a8d46a734,https://cd.linkedin.com/jobs/view/procurement-logistics-manager-at-julisha-cd-4438199179,Procurement & Logistics Manager,,scraped,2026-07-08T20:40:07.950748,
edd219ec94ba3352,https://cd.linkedin.com/jobs/view/head-of-programmes-in-drc-at-julisha-cd-4438185877,Head of Programmes in DRC,,scraped,2026-07-08T20:40:14.251785,
85ea28378f45605f,https://cd.linkedin.com/jobs/view/magasinier-e-sc4-multiples-localit%C3%A9s-rd-congo-at-world-food-programme-4436705792,"Magasinier(e) SC4, Multiples localités, RD Congo",,scraped,2026-07-08T20:40:20.805478,
6d3e7972a785bfd9,https://cd.linkedin.com/jobs/view/adjoint%C2%B7e-chef-de-mission-aux-programmes-at-julisha-cd-4438192386,Adjoint·e Chef de Mission aux Programmes,,scraped,2026-07-08T20:40:27.998384,
7835d1d67d37083c,https://cd.linkedin.com/jobs/view/assistant-aux-subventions-at-julisha-cd-4438195361,Assistant aux subventions,,scraped,2026-07-08T20:40:34.546903,
bbcde4cfc2a72be5,https://cd.linkedin.com/jobs/view/gestionnaire-financier-de-groupement-at-julisha-cd-4436424478,Gestionnaire Financier de Groupement,,scraped,2026-07-08T20:40:40.948619,
e4d55c0137e38109,https://cd.linkedin.com/jobs/view/work-from-home-customer-support-%E2%80%93-french-speaking-at-talentpop-app-4434884377,Work-from-Home Customer Support – French Speaking,TalentPop App,posted,2026-07-08T20:40:53.828642,59
91ce9cf619960209,https://cd.linkedin.com/jobs/view/work-from-home-customer-support-%E2%80%93-french-speaking-at-talentpop-app-4434883389,Work-from-Home Customer Support – French Speaking,TalentPop App,scraped,2026-07-08T20:40:57.838100,
f9e41908818af96f,https://cd.linkedin.com/jobs/view/french%2Benglish-bilingual-customer-service-representative-at-talentpop-app-4434869991,French+English Bilingual Customer Service Representative,TalentPop App,posted,2026-07-08T20:41:06.349978,61
ab136ed4b0e03ebe,https://cd.linkedin.com/jobs/view/french%2Benglish-bilingual-customer-service-representative-at-talentpop-app-4434877603,French+English Bilingual Customer Service Representative,TalentPop App,scraped,2026-07-08T20:41:10.622795,
76464755084bad9e,https://cd.linkedin.com/jobs/view/french%2Benglish-bilingual-customer-service-representative-at-talentpop-app-4434883400,French+English Bilingual Customer Service Representative,TalentPop App,scraped,2026-07-08T20:41:14.784649,
e7732092021f771c,https://cd.linkedin.com/jobs/view/french%2Benglish-bilingual-customer-service-representative-at-talentpop-app-4434882472,French+English Bilingual Customer Service Representative,TalentPop App,scraped,2026-07-08T20:41:18.837067,
a33defd26a5962b0,https://cd.linkedin.com/jobs/view/structural-engineer-at-wsp-in-canada-4427701958,Structural Engineer,WSP in Canada,posted,2026-07-08T20:41:30.591219,63
70045e09490d9c34,https://cd.linkedin.com/jobs/view/agent-de-support-client%C3%A8le-international-h-f-at-talentpop-app-4434876719,Agent de Support Clientèle International (H/F),TalentPop App,posted,2026-07-08T20:41:38.429519,65
5d1f365b593f4cf0,https://cd.linkedin.com/jobs/view/agent-de-support-client%C3%A8le-international-h-f-at-talentpop-app-4434871827,Agent de Support Clientèle International (H/F),TalentPop App,scraped,2026-07-08T20:41:42.550718,
fb13b1ac8fbab17c,https://cd.linkedin.com/jobs/view/agent-de-support-client%C3%A8le-international-h-f-at-talentpop-app-4434871786,Agent de Support Clientèle International (H/F),TalentPop App,scraped,2026-07-08T20:41:46.725389,
927f38581c606534,https://cd.linkedin.com/jobs/view/site-manager-at-julisha-cd-4438182905,Site Manager,,scraped,2026-07-08T20:41:49.121771,
00f0db8fd1260de3,https://cd.linkedin.com/jobs/view/officier-achats-purchase-officer-f-h-at-julisha-cd-4436421599,Officier achats / Purchase Officer (F/H),,scraped,2026-07-08T20:41:55.570000,
5464850c96790109,https://cd.linkedin.com/jobs/view/project-manager-infrastructure-at-unops-4434867073,Project Manager (Infrastructure),,scraped,2026-07-08T20:42:02.088004,
d1fbc975bf00432b,https://cd.linkedin.com/jobs/view/administrateur-logisticien-at-julisha-cd-4438201102,Administrateur - Logisticien,,scraped,2026-07-08T20:42:09.175227,
cb09b4457e6d8d01,https://cd.linkedin.com/jobs/view/senior-accountant-at-delice-foods-4433952396,Senior Accountant,Delice Foods,posted,2026-07-08T20:42:23.040649,67
89ac87e135737a03,https://cd.linkedin.com/jobs/view/directeur-de-projet-at-julisha-cd-4438182860,Directeur de Projet,,scraped,2026-07-08T20:42:25.340713,
e157dd3acdd27173,https://cd.linkedin.com/jobs/view/wash-advisor-drc-conseiller-wash-at-julisha-cd-4438188828,WASH Advisor - DRC Conseiller WASH,,scraped,2026-07-08T20:42:31.818048,
9da278f550e83ad9,https://cd.linkedin.com/jobs/view/wash-project-manager-at-julisha-cd-4438202091,WASH Project Manager,,scraped,2026-07-08T20:42:38.172448,
b8a2b76cf7332fa1,https://cd.linkedin.com/jobs/view/expert-des-affaires-%C3%A9conomiques-et-de-la-tarification-at-julisha-cd-4438186803,Expert des Affaires économiques et de la tarification,,scraped,2026-07-08T20:42:44.967172,
96cb3c64993886ca,https://cd.linkedin.com/jobs/view/un-e-responsable-contrat-bailleurs-et-reporting-at-julisha-cd-4436434053,Un.e Responsable Contrat Bailleurs et Reporting,,scraped,2026-07-08T20:42:51.678485,
820e89e4b111dc54,https://cd.linkedin.com/jobs/view/procurement-officer-buying-at-save-the-children-international-4437757817,Procurement Officer Buying,Save the Children International,posted,2026-07-08T20:43:08.170587,69
b2c035b2eb3e52fc,https://cd.linkedin.com/jobs/view/data-management-information-assistant-at-save-the-children-international-4437750956,Data Management & Information Assistant,Save the Children International,posted,2026-07-08T20:43:20.469653,71
177e94cc26cc9b37,https://cd.linkedin.com/jobs/view/conseiller-juridique-principal-contentieux-at-kamoto-copper-company-s-a-4432748971,Conseiller juridique principal - contentieux,,scraped,2026-07-08T20:43:22.857771,
bdbc05a7a3c56901,https://cd.linkedin.com/jobs/view/senior-structural-engineer-at-wsp-in-canada-4428499581,Senior Structural Engineer,WSP in Canada,posted,2026-07-08T20:43:38.861140,73
d5d5ba7e8662a65c,https://cd.linkedin.com/jobs/view/surveillance-officer-at-save-the-children-international-4437760815,Surveillance Officer,Save the Children International,posted,2026-07-08T20:43:51.309173,75
6e934fbe864e8a8b,https://cd.linkedin.com/jobs/view/senior-surveillance-officer-at-save-the-children-international-4437768437,Senior Surveillance Officer,Save the Children International,posted,2026-07-08T20:44:03.492652,77
ef328a7bab4f9401,https://cd.linkedin.com/jobs/view/senior-surveillance-officer-at-save-the-children-colombia-oficial-4438185515,Senior Surveillance Officer,,scraped,2026-07-08T20:44:06.194871,
ad19a104bf5ec57e,https://cd.linkedin.com/jobs/view/premium-cash-assistant-at-wave-mobile-money-4419178069,Premium Cash Assistant,,scraped,2026-07-08T20:44:14.357902,
ba30741c830b4253,https://cd.linkedin.com/jobs/view/finance-officer-at-save-the-children-colombia-oficial-4438187437,Finance Officer,,scraped,2026-07-08T20:44:20.956025,
b31e9cb7df6a610d,https://cd.linkedin.com/jobs/view/bilingual-customer-support-specialist-french-english-100%25-remote-at-talentpop-app-4434890380,Bilingual Customer Support Specialist (French/English) - 100% Remote,TalentPop App,posted,2026-07-08T20:44:34.306738,79
3e0bfb9f1df772ff,https://cd.linkedin.com/jobs/view/coordinateur-trice-pays-coop%C3%A9rative-hulo-h-f-%E2%80%93-goma-at-julisha-cd-4436422555,Coordinateur.trice Pays Coopérative hulo (H/F) – Goma,,scraped,2026-07-08T20:44:36.686216,
0044591940f4ee16,https://cd.linkedin.com/jobs/view/coordinateur-trice-ipc-wash-at-julisha-cd-4438197122,Coordinateur(trice) IPC/Wash,,scraped,2026-07-08T20:44:42.989164,
ce42f8d5cc3a6439,https://cd.linkedin.com/jobs/view/writer-and-editor-english-anticipatory-at-julisha-cd-4438194328,Writer and Editor - English (Anticipatory),,scraped,2026-07-08T20:44:49.599434,
cfeb84b47ada4146,https://cd.linkedin.com/jobs/view/compliance-officer-1-at-julisha-cd-4436434029,Compliance Officer (1),,scraped,2026-07-08T20:44:55.965258,
a09d2b09f6e4907e,https://cd.linkedin.com/jobs/view/recrutement-d-un-e-consultant-e-en-formation-sur-le-genre-pour-le-projet-recom-at-julisha-cd-4436429256,Recrutement d'un(e) consultant(e) en formation sur le genre pour le projet RECOM...,,scraped,2026-07-08T20:45:02.468868,
51325a42934ec60f,https://cd.linkedin.com/jobs/view/workshop-administrator-at-sandvik-4433181390,Workshop Administrator,,scraped,2026-07-08T20:45:09.353388,
091cf0a5b82046b7,https://cd.linkedin.com/jobs/view/electrical-engineer-solar-hybrid-industrial-infrastructure-at-saasa-b2e-4437313107,Electrical Engineer (Solar Hybrid & Industrial Infrastructure),,scraped,2026-07-08T20:45:16.826164,
d24bac7f7e2ec8d6,https://cd.linkedin.com/jobs/view/hr-manager-at-julisha-cd-4438203083,HR MANAGER,,scraped,2026-07-08T20:45:22.949879,
62947f3ce69dcf6e,https://cd.linkedin.com/jobs/view/chef-de-projet-r%C3%A9adaptation-int%C3%A9gr%C3%A9e-at-julisha-cd-4436434050,Chef de Projet Réadaptation intégrée,,scraped,2026-07-08T20:45:29.154825,
c22408e9a543f7af,https://cd.linkedin.com/jobs/view/entrepreneur-in-residence-eir-at-the-flex-4436937692,Entrepreneur in Residence (EIR),,scraped,2026-07-08T20:45:35.886045,
baf4bb6a13666798,https://cd.linkedin.com/jobs/view/deux-officier-i%C3%A8re-wash-at-julisha-cd-4438195215,Deux Officier(ière) Wash,,scraped,2026-07-08T20:45:42.365232,
5b379d7ede0ca7ff,https://cd.linkedin.com/jobs/view/ingenieur-associate-engineer-no-b-at-julisha-cd-4438200129,"INGENIEUR/ ASSOCIATE ENGINEER, NO-B,",,scraped,2026-07-08T20:45:48.725109,
b11ba1bfcb0b9cac,https://cd.linkedin.com/jobs/view/ing%C3%A9nieur-e-civil-at-julisha-cd-4436415969,Ingénieur(e) Civil,,scraped,2026-07-08T20:45:54.958428,
b06ccacb313e3834,https://cd.linkedin.com/jobs/view/surveillance-officer-at-save-the-children-colombia-oficial-4438188460,Surveillance Officer,,scraped,2026-07-08T20:46:01.443070,
1d8bf4c8aee50a1e,https://cd.linkedin.com/jobs/view/regional-program-manager-technical-rpm-at-julisha-cd-4436421530,Regional Program Manager-Technical (RPM),,scraped,2026-07-08T20:46:09.127872,
506ffa28a1643a57,https://cd.linkedin.com/jobs/view/systems-accountant-at-julisha-cd-4436427272,Systems Accountant,,scraped,2026-07-08T20:46:15.693634,
30387f55b682e8cf,https://cd.linkedin.com/jobs/view/chief-of-party-drc-at-julisha-cd-4436435027,"Chief of Party, DRC",,scraped,2026-07-08T20:46:22.249946,
663c5df5e9276163,https://cd.linkedin.com/jobs/view/country-director-at-julisha-cd-4438188803,Country Director,,scraped,2026-07-08T20:46:28.383079,
a20e4b8711fdf3f6,https://cd.linkedin.com/jobs/view/sp%C3%A9cialiste-de-la-gouvernance-mini%C3%A8re-at-julisha-cd-4436432233,Spécialiste de la gouvernance minière,,scraped,2026-07-08T20:46:34.606963,
00f998fdc421944c,https://cd.linkedin.com/jobs/view/better-mining-project-manager-at-slr-consulting-4436885135,Better Mining - Project Manager,,scraped,2026-07-08T20:46:41.642938,
4ec21def9aee3029,https://cd.linkedin.com/jobs/view/expert-en-gestion-financi%C3%A8re-egf-at-julisha-cd-4436426296,Expert en Gestion Financière (EGF),,scraped,2026-07-08T20:46:48.241148,
1d410454334dd01c,https://cd.linkedin.com/jobs/view/consultant-individuel-en-charge-de-l-%C3%A9valuation-des-d%C3%A9fis-li%C3%A9s-%C3%A0-la-mise-en-%C5%93uvr-at-julisha-cd-4436428302,Consultant individuel en charge de l'évaluation des défis liés à la mise en œuvr...,,scraped,2026-07-08T20:46:54.464728,
5706126db5622350,https://cd.linkedin.com/jobs/view/experte-en-gestion-des-risques-sanitaires-devoir-de-prise-en-charge-du-personn-at-julisha-cd-4438198102,Experte en Gestion des Risques Sanitaires & Devoir de Prise en Charge du Personn...,,scraped,2026-07-08T20:47:01.012997,
08b578d335cf2df9,https://cd.linkedin.com/jobs/view/un-assistant-comptable-pour-le-bureau-local-de-kinshasa-at-julisha-cd-4438200128,un Assistant comptable pour le bureau local de Kinshasa,,scraped,2026-07-08T20:47:07.716848,
62a170cd7dca1936,https://cd.linkedin.com/jobs/view/officier-de-securit%C3%A9-security-officer-at-julisha-cd-4436421547,Officier de Securité/Security Officer,,scraped,2026-07-08T20:47:13.997758,
9f18d831e69b596b,https://cd.linkedin.com/jobs/view/conseiller-en-s%C3%A9curit%C3%A9-mobile-at-julisha-cd-4436428296,Conseiller en sécurité - Mobile,,scraped,2026-07-08T20:47:20.467564,
ebf3e2a54b96bca5,https://cd.linkedin.com/jobs/view/finance-manager-at-julisha-cd-4438185860,Finance Manager,,scraped,2026-07-08T20:47:26.829653,
c19073bb9b2345c3,https://cd.linkedin.com/jobs/view/directeur-pays-rdc-at-julisha-cd-4436411984,Directeur Pays RDC,,scraped,2026-07-08T20:47:32.939998,
1b7fc0a0588b192f,https://cd.linkedin.com/jobs/view/renewable-energy-engineer-at-wsp-in-canada-4436202700,Renewable Energy Engineer,WSP in Canada,posted,2026-07-08T20:47:49.855159,81
d29a3e8fba311e3c,https://cd.linkedin.com/jobs/view/safer-consortium-director-at-julisha-cd-4438204059,SAFER Consortium Director,,scraped,2026-07-08T20:47:52.164597,
08cf960b9ed5a3fd,https://cd.linkedin.com/jobs/view/finance-officer-at-international-rescue-committee-4436743239,FINANCE OFFICER,International Rescue Committee,posted,2026-07-08T20:48:01.577732,55
c9a1eec87e883a78,https://cd.linkedin.com/jobs/view/sp%C3%A9cialiste-en-passation-des-marches-pour-l%E2%80%99%C3%A9quipe-de-coordination-at-julisha-cd-4438198217,Spécialiste en Passation des Marches pour l’équipe de Coordination,,scraped,2026-07-08T20:48:04.300533,
49d30bcce0f94b0e,https://cd.linkedin.com/jobs/view/social-worker-at-international-rescue-committee-4434018886,Social Worker,International Rescue Committee,posted,2026-07-08T20:48:17.640584,83
d91b1c83902d42ce,https://cd.linkedin.com/jobs/view/regional-political-economy-analysis-of-the-forest-sector-in-central-africa-at-julisha-cd-4436438007,Regional Political Economy Analysis of the Forest Sector in Central Africa,,scraped,2026-07-08T20:48:20.290799,
6a68c6f7b98843af,https://cd.linkedin.com/jobs/view/chef-fe-de-projet-leadership-des-jeunes-et-r%C3%A9int%C3%A9gration-%C3%A0-base-communautaire-r-at-julisha-cd-4438186814,Chef/fe de projet Leadership des jeunes et Réintégration à base communautaire (R...,,scraped,2026-07-08T20:48:26.725040,
22ce9523ca56face,https://cd.linkedin.com/jobs/view/chef-fe-de-projet-leadership-des-jeunes-et-r%C3%A9int%C3%A9gration-%C3%A0-base-communautaire-r-at-julisha-cd-4438182935,Chef/fe de projet Leadership des jeunes et Réintégration à base communautaire (R...,,scraped,2026-07-08T20:48:33.299592,
1372652e5fb2b55a,https://cd.linkedin.com/jobs/view/senior-manager-merchant-payments-at-vodacom-4431948055,Senior Manager Merchant Payments,,scraped,2026-07-08T20:48:39.856302,
0b15aef788071cc8,https://cd.linkedin.com/jobs/view/un%C2%B7e-coordinateur%C2%B7ice-terrain-bases-mobile-at-julisha-cd-4438202081,UN·E COORDINATEUR·ICE TERRAIN - BASES MOBILE,,scraped,2026-07-08T20:48:46.248090,
f7e08a165bf8d9e0,https://cd.linkedin.com/jobs/view/support-manager-north-kivu-at-julisha-cd-4438185845,Support Manager (North Kivu),,scraped,2026-07-08T20:48:52.651527,
8aa8ed2e082b191b,https://cd.linkedin.com/jobs/view/stagiaire-professionnel-en-communication-at-julisha-cd-4438197254,Stagiaire professionnel en communication,,scraped,2026-07-08T20:48:58.907630,
c99116eb2f564f3e,https://cd.linkedin.com/jobs/view/national-sales-manager-pharma-at-confidential-4436729439,National Sales Manager (Pharma),Confidential,posted,2026-07-08T20:49:12.517154,85
fef3e71a2cb85996,https://cd.linkedin.com/jobs/view/program-manager-kabobo-wildlife-reserve-at-julisha-cd-4436415973,Program Manager-Kabobo Wildlife Reserve,,scraped,2026-07-08T20:49:14.887943,
a673c14fd3f186f6,https://cd.linkedin.com/jobs/view/chef-comptable-at-julisha-cd-4436430182,Chef comptable,,scraped,2026-07-08T20:49:21.308128,
3bd6c64a0fccc807,https://cd.linkedin.com/jobs/view/expert-e-technique-en-surveillance-conformit%C3%A9-at-julisha-cd-4436420610,Expert(e) technique en Surveillance & Conformité,,scraped,2026-07-08T20:49:27.960234,
54786a0f41eb1033,https://cd.linkedin.com/jobs/view/sp%C3%A9cialiste-principal-de-solutions-num%C3%A9riques-at-julisha-cd-4438199212,Spécialiste principal de solutions numériques,,scraped,2026-07-08T20:49:34.719899,
355df22302600088,https://cd.linkedin.com/jobs/view/agent-de-protection-associ%C3%A9-p2-jpo-junior-professional-officer-goma-at-julisha-cd-4436422560,"Agent de protection associé, p2 JPO (Junior Professional Officer), Goma",,scraped,2026-07-08T20:49:41.087727,
ce5d04ebc72da3b3,https://cd.linkedin.com/jobs/view/consultant-specialiste-en-diffusion-at-julisha-cd-4436424448,CONSULTANT SPECIALISTE EN DIFFUSION,,scraped,2026-07-08T20:49:47.763312,
0f183a7c80559e29,https://cd.linkedin.com/jobs/view/sp%C3%A9cialiste-nutrition-sant%C3%A9-terrain-at-julisha-cd-4438191492,Spécialiste Nutrition-Santé Terrain,,scraped,2026-07-08T20:49:54.072646,
506938cf6726a728,https://cd.linkedin.com/jobs/view/consultant-pour-l%E2%80%99appui-%C3%A0-l%E2%80%99%C3%A9laboration-du-plan-strat%C3%A9gique-d%E2%80%99am%C3%A9lioration-de-la-at-julisha-cd-4436434105,Consultant pour l’appui à l’élaboration du plan stratégique d’amélioration de la...,,scraped,2026-07-08T20:50:00.451175,
58bbd981687e2cad,https://cd.linkedin.com/jobs/view/financial-advisor-iplc-forest-facility-iff-at-julisha-cd-4438186806,Financial Advisor - IPLC Forest Facility (IFF),,scraped,2026-07-08T20:50:06.999903,
7b42ebcd06488901,https://cd.linkedin.com/jobs/view/chief-of-party-at-julisha-cd-4438203126,Chief of Party,,scraped,2026-07-08T20:50:13.413213,
9aabdeae44a940a4,https://cd.linkedin.com/jobs/view/charg%C3%A9-principal-de-projet-en-gouvernance-senior-project-officer-spo-at-julisha-cd-4436427256,Chargé Principal de Projet en Gouvernance (Senior Project Officer - SPO),,scraped,2026-07-08T20:50:20.873965,
45e50baa651c209b,https://cd.linkedin.com/jobs/view/risk-communication-and-community-engagement-rcce-coordinator-at-save-the-children-international-4437774026,Risk Communication and Community Engagement (RCCE) Coordinator,Save the Children International,posted,2026-07-08T20:50:38.247785,87
e4c4f6c46a589101,https://cd.linkedin.com/jobs/view/analyste-senior-cash-et-ana-pour-la-r%C3%A9publique-d%C3%A9mocratique-du-congo-bas%C3%A9-e-%C3%A0-kinshasa-link-for-internal-applicants-only-at-impact-initiatives-4437086753,"Analyste Senior - Cash et ANA pour la République Démocratique du Congo, basé.e à Kinshasa (Link For Internal Applicants Only)",IMPACT Initiatives,posted,2026-07-08T20:50:51.185542,89
72bb0ec1a42a2521,https://cd.linkedin.com/jobs/view/chef-d-%C3%A9quipe-pacs-rdc-at-julisha-cd-4436426304,Chef d'équipe - PACS - RDC,,scraped,2026-07-08T20:50:53.588845,
223c0f899c17e70a,https://cd.linkedin.com/jobs/view/fiscaliste-at-congo-advisory-business-consulting-4434861886,Fiscaliste,,scraped,2026-07-08T20:51:00.159923,
df0e566398caf441,https://cd.linkedin.com/jobs/view/it-operations-associate-at-wave-mobile-money-4426628407,IT Operations Associate,,scraped,2026-07-08T20:51:06.944529,
4ab67198a040144e,https://cd.linkedin.com/jobs/view/chef-de-d%C3%A9l%C3%A9gation-h-f-rdc-at-julisha-cd-4438199181,Chef de délégation - H/F - RDC,,scraped,2026-07-08T20:51:13.378776,
02f5f3735fe0844b,https://cd.linkedin.com/jobs/view/consultancy-for-diversity-equity-and-inclusion-dei-strategy-and-road-map-for-at-julisha-cd-4436423521,"Consultancy for Diversity, Equity, and Inclusion (DEI) Strategy and Road Map for...",,scraped,2026-07-08T20:51:20.063962,
8a3f0b8d1edac5f1,https://cd.linkedin.com/jobs/view/coordinateur-de-la-communication-et-mobilisation-communautaires-at-julisha-cd-4438182911,Coordinateur de la Communication et Mobilisation Communautaires,,scraped,2026-07-08T20:51:26.607103,
539235c2a3967946,https://cd.linkedin.com/jobs/view/sp%C3%A9cialiste-en-gestion-environnementale-at-julisha-cd-4438191479,Spécialiste en gestion environnementale,,scraped,2026-07-08T20:51:33.202604,
730078438b4b54eb,https://cd.linkedin.com/jobs/view/deputy-chief-of-party-operations-dcop-ops-usaid-drc-peacebuilding-and-biodive-at-julisha-cd-4438190544,"Deputy Chief of Party-Operations (DCOP-Ops), USAID/DRC Peacebuilding and Biodive...",,scraped,2026-07-08T20:51:39.839007,
f95bd26c8bba725c,https://cd.linkedin.com/jobs/view/deputy-chief-of-party-operations-dcop-ops-usaid-drc-peacebuilding-and-biodive-at-julisha-cd-4438189690,"Deputy Chief of Party-Operations (DCOP-Ops), USAID/DRC Peacebuilding and Biodive...",,scraped,2026-07-08T20:51:46.512137,
da5500e92515ff7b,https://cd.linkedin.com/jobs/view/regional-sales-manager-at-palo-alto-networks-4414019402,Regional Sales Manager,Palo Alto Networks,posted,2026-07-08T20:52:03.999250,91
d6c48ec07cb0455b,https://cd.linkedin.com/jobs/view/expert-junior-en-sensibilisation-et-%C3%A9ducation-environnementale-at-julisha-cd-4438187790,Expert junior en sensibilisation et éducation environnementale,,scraped,2026-07-08T20:52:06.413759,
4d34eebf7dd9e800,https://cd.linkedin.com/jobs/view/consultant-national-junior-nob-%E2%80%93-analyste-support-appui-op%C3%A9rationnel-at-international-civil-aviation-organization-4438153740,"Consultant National Junior (NOB) – ""Analyste Support / Appui Opérationnel""",International Civil Aviation Organization,posted,2026-07-08T20:52:22.737207,93
e5199a3f372b515b,https://cd.linkedin.com/jobs/view/bilingual-customer-support-specialist-french-english-100%25-remote-at-talentpop-app-4434883459,Bilingual Customer Support Specialist (French/English) - 100% Remote,TalentPop App,scraped,2026-07-08T20:52:26.779032,
a4c2779a12e32adb,https://cd.linkedin.com/jobs/view/national-technical-specialist-open-to-internal-and-external-applicants-at-international-civil-aviation-organization-4438164346,National Technical Specialist [Open to internal and external applicants],International Civil Aviation Organization,posted,2026-07-08T20:52:39.301609,95
7ecc05ee0031d56c,https://cd.linkedin.com/jobs/view/french-customer-support-specialist-bilingual-fr-en-non-voice-blended-remote-at-talentpop-app-4434880481,French Customer Support Specialist (Bilingual FR/EN | Non-Voice/Blended | Remote),TalentPop App,posted,2026-07-08T20:52:47.264858,97
ece23d361589dfc8,https://cd.linkedin.com/jobs/view/french-speaking-customer-support-specialist-at-talentpop-app-4434871701,French-Speaking Customer Support Specialist,TalentPop App,posted,2026-07-08T20:52:55.162927,99
b9e048b70f77478e,https://cd.linkedin.com/jobs/view/french-speaking-customer-support-specialist-at-talentpop-app-4434890307,French-Speaking Customer Support Specialist,TalentPop App,scraped,2026-07-08T20:52:59.338347,
a70e95505f81a64e,https://cd.linkedin.com/jobs/view/french-speaking-customer-support-specialist-at-talentpop-app-4434890274,French-Speaking Customer Support Specialist,TalentPop App,scraped,2026-07-08T20:53:03.543465,
9309cea1f2fc88c9,https://cd.linkedin.com/jobs/view/bilingual-customer-support-specialist-french-english-100%25-remote-at-talentpop-app-4434883314,Bilingual Customer Support Specialist (French/English) - 100% Remote,TalentPop App,scraped,2026-07-08T20:53:07.597935,
9a5df7fce1f04120,https://cd.linkedin.com/jobs/view/virtual-customer-support-agent-french-english-%E2%80%93-100%25-remote-at-talentpop-app-4434883546,Virtual Customer Support Agent (French/English) – 100% Remote,TalentPop App,posted,2026-07-08T20:53:15.287616,101
8573ba019dfea763,https://cd.linkedin.com/jobs/view/virtual-customer-support-agent-french-english-%E2%80%93-100%25-remote-at-talentpop-app-4434886516,Virtual Customer Support Agent (French/English) – 100% Remote,TalentPop App,scraped,2026-07-08T20:53:19.342108,
600fb2781beb6033,https://cd.linkedin.com/jobs/view/virtual-customer-support-agent-french-english-%E2%80%93-100%25-remote-at-talentpop-app-4434887328,Virtual Customer Support Agent (French/English) – 100% Remote,TalentPop App,scraped,2026-07-08T20:53:23.443809,
150185d3b1d64d49,https://cd.linkedin.com/jobs/view/virtual-customer-support-agent-french-english-%E2%80%93-100%25-remote-at-talentpop-app-4434892157,Virtual Customer Support Agent (French/English) – 100% Remote,TalentPop App,scraped,2026-07-08T20:53:27.502611,
af6d4a5d00af6a0d,https://cd.linkedin.com/jobs/view/virtual-customer-support-agent-french-english-%E2%80%93-100%25-remote-at-talentpop-app-4434893032,Virtual Customer Support Agent (French/English) – 100% Remote,TalentPop App,scraped,2026-07-08T20:53:31.741600,
992a17cad366ec19,https://cd.linkedin.com/jobs/view/ing%C3%A9nieur-stabilit%C3%A9-senior-at-sweco-4435205809,Ingénieur stabilité senior,,scraped,2026-07-08T20:53:34.187573,
4a3d5f97cb565652,https://cd.linkedin.com/jobs/view/senior-technical-manager-tailings-at-wsp-in-canada-4419142542,Senior Technical Manager - Tailings,WSP in Canada,posted,2026-07-08T20:53:50.479205,103
573669c618845815,https://cd.linkedin.com/jobs/view/executive-sous-chef-at-rotana-hotels-4434567428,Executive Sous Chef,Rotana Hotels,posted,2026-07-08T20:54:37.009131,105
8c42c790d920dd01,https://cd.linkedin.com/jobs/view/we-re-hiring-bartenders-for-our-michelin-small-lu%E2%80%A6-at-ebs-matchstaff-4437316493,WE'RE HIRING BARTENDERS FOR OUR MICHELIN SMALL LU…,,scraped,2026-07-09T10:41:19.523112,
0f3c4aaa880f1eb1,https://cd.linkedin.com/jobs/view/safeguarding-officer-at-save-the-children-colombia-oficial-4438590890,Safeguarding Officer,,scraped,2026-07-09T10:41:28.396596,
829a6ac8c1b2c26d,https://cd.linkedin.com/jobs/view/bartender-at-ebs-matchstaff-4437321363,BARTENDER,,scraped,2026-07-09T10:41:38.663689,
ca6a184410231073,https://cd.linkedin.com/jobs/view/growth-marketer-at-the-flex-4436765879,Growth Marketer,,scraped,2026-07-09T10:41:45.440649,
e09a6dd115a25805,https://cd.linkedin.com/jobs/view/supv-security-temple-at-the-church-of-jesus-christ-of-latter-day-saints-4435229050,"Supv,Security,Temple",The Church of Jesus Christ of Latter-day Saints,posted,2026-07-09T10:42:04.282020,107
b7aadded685fe907,https://cd.linkedin.com/jobs/view/hr-manager-drc-at-burn-4438234439,HR Manager - DRC,,scraped,2026-07-09T10:42:06.959471,
9a95d9aad66908ec,https://cd.linkedin.com/jobs/view/responsable-du-programme-de-suivi-et-d-%C3%A9valuation-at-julisha-cd-4436428279,Responsable du programme de suivi et d'évaluation,,scraped,2026-07-09T10:42:29.449914,
451f1682ed7215bc,https://cd.linkedin.com/jobs/view/plusieurs-postes-6-at-julisha-cd-4436419615,Plusieurs Postes (6),,scraped,2026-07-09T10:42:37.573958,
77549ccf5e0cd093,https://cd.linkedin.com/jobs/view/charg%C3%A9-de-gestion-et-suivi-du-portefeuille-at-julisha-cd-4438197246,Chargé de Gestion et Suivi du Portefeuille,,scraped,2026-07-09T10:42:54.136417,
78cdc8d6cf4c12a4,https://cd.linkedin.com/jobs/view/conseiller-%C3%A8re-politique-at-julisha-cd-4438203064,Conseiller.ère Politique,,scraped,2026-07-09T10:43:00.451734,
e85d4a3ee3b9f6a9,https://cd.linkedin.com/jobs/view/fiscaliste-at-congo-advisory-business-consulting-4417618781,Fiscaliste,,scraped,2026-07-09T10:43:09.646017,
ec7731e524f98c53,https://cd.linkedin.com/jobs/view/virtual-customer-support-agent-french-english-%E2%80%93-100%25-remote-at-talentpop-app-4434876721,Virtual Customer Support Agent (French/English) – 100% Remote,TalentPop App,posted,2026-07-09T10:43:19.121563,101
9ae03e87beab082c,https://cd.linkedin.com/jobs/view/accountant-ria-drc-at-ria-money-transfer-4433736734,Accountant RIA DRC,Ria Money Transfer,posted,2026-07-09T10:43:29.632108,109
6f0cb40d16782efd,https://cd.linkedin.com/jobs/view/assistant-commercial-marketing-h-f-at-afrik-interim-hrs-4435229402,Assistant Commercial & Marketing H/F,,scraped,2026-07-09T10:43:32.508151,
2b79dcdabfa9c27b,https://cd.linkedin.com/jobs/view/conseiller-%C3%A8re-saisonnier-%C3%A8re-at-la-vie-en-rose-4436489001,CONSEILLER.ÈRE SAISONNIER.ÈRE,,scraped,2026-07-09T10:43:43.420619,
67aa03ecc25000a0,https://cd.linkedin.com/jobs/view/senior-sales-manager-central-east-africa-telecom-operators-at-eutelsat-4433962254,Senior Sales Manager - Central & East Africa (Telecom Operators),,scraped,2026-07-09T10:43:50.324908,
7cb5a017eeb5b789,https://cd.linkedin.com/jobs/view/pedagogisch-professional-ut-trepke-voorst-empe-at-docentenmarktplaats-nl-4437338957,Pedagogisch Professional Ut Trepke Voorst/Empe,,scraped,2026-07-09T10:43:58.953613,
b702bc6a4b3825ac,https://cd.linkedin.com/jobs/view/coordinateur%C2%B7trice-financier-at-julisha-cd-4438191450,Coordinateur·trice Financier,,scraped,2026-07-09T10:44:09.234874,
e636514665626d81,https://cd.linkedin.com/jobs/view/coordinateur-de-la-r%C3%A9ponse-d-urgence-int10072-at-julisha-cd-4436425459,Coordinateur de la Réponse d'Urgence (INT10072),,scraped,2026-07-09T10:44:15.323569,
f6d7692fde4add65,https://cd.linkedin.com/jobs/view/country-director-drc-at-julisha-cd-4438204084,Country Director - DRC,,scraped,2026-07-09T10:44:21.588557,
3bf74c42f3aa125b,https://cd.linkedin.com/jobs/view/recruiter-at-julisha-cd-4438203117,Recruiter,,scraped,2026-07-09T10:44:28.074675,
654de7de752f2877,https://cd.linkedin.com/jobs/view/assistant-courrier-g4-at-julisha-cd-4436433182,"ASSISTANT COURRIER, G4",,scraped,2026-07-09T10:44:34.495049,
29b8294a439874f2,https://cd.linkedin.com/jobs/view/responsable-technique-de-programme-at-julisha-cd-4436419649,Responsable Technique de Programme,,scraped,2026-07-09T10:44:40.997810,
d5b87c4b3f37752b,https://cd.linkedin.com/jobs/view/head-of-support-international-at-julisha-cd-4438204051,Head of Support (International),,scraped,2026-07-09T10:44:46.983562,
af58b421257a6552,https://cd.linkedin.com/jobs/view/coordinateur-rice-urgence-h-f-at-julisha-cd-4438204056,Coordinateur.rice Urgence (H/F),,scraped,2026-07-09T10:44:53.065214,
7ec6826d0fe57aa7,https://cd.linkedin.com/jobs/view/directeur-des-op%C3%A9rations-at-julisha-cd-4436413890,Directeur des opérations,,scraped,2026-07-09T10:44:59.916434,
d625b3e42d9d0ecc,https://cd.linkedin.com/jobs/view/charg%C3%A9-de-communication-at-julisha-cd-4436422585,Chargé de communication,,scraped,2026-07-09T10:45:06.130822,
0f12cbc2b82ef093,https://cd.linkedin.com/jobs/view/senior-project-manager-infrastructure-at-unops-4434849418,Senior Project Manager (Infrastructure),,scraped,2026-07-09T10:45:13.048547,
b555bbcac97823eb,https://cd.linkedin.com/jobs/view/indirect-sales-manager-at-africell-rdc-4434867220,Indirect Sales Manager,,scraped,2026-07-09T10:45:20.521743,
3b0cfb5f0403653f,https://cd.linkedin.com/jobs/view/legal-advisor-cape-town-at-totalenergies-4308176224,Legal Advisor - Cape Town,,scraped,2026-07-09T10:45:30.016098,
3ba954bcf4d61599,https://cd.linkedin.com/jobs/view/senior-monitoring-evaluation-and-learning-officer-at-fhi-360-4437869605,"Senior Monitoring, Evaluation and Learning Officer",FHI 360,posted,2026-07-09T10:45:43.042457,111
0a14e17b69d107f0,https://cd.linkedin.com/jobs/view/vie-business-analyste-et-economiste-h-f-congo-at-totalenergies-4437829437,VIE - Business Analyste et Economiste (H/F) - Congo,,scraped,2026-07-09T10:45:45.862554,
0e88778ed9eb6e1d,https://cd.linkedin.com/jobs/view/senior-project-manager-transactional-at-unops-4434864147,Senior Project Manager (Transactional),,scraped,2026-07-09T10:45:52.357308,
b66cb6c2989f954c,https://cd.linkedin.com/jobs/view/senior-engineer-customer-application-engineering-at-ge-vernova-4438248494,Senior Engineer - Customer Application Engineering,GE Vernova,posted,2026-07-09T10:46:08.084363,113
8f2839d51657d747,https://cd.linkedin.com/jobs/view/senior-sales-manager-data-centers-power-stability-at-ge-vernova-4438242660,Senior Sales Manager Data Centers - Power Stability,GE Vernova,posted,2026-07-09T10:46:19.083212,115
0fa401c9ef525d73,https://cd.linkedin.com/jobs/view/secretaire-administrative-at-itm-tanzania-limited-4436860197,Secretaire administrative,,scraped,2026-07-09T10:46:23.694771,
006286436e5f1ee2,https://cd.linkedin.com/jobs/view/chef-de-projet-at-julisha-cd-4436416824,Chef de projet,,scraped,2026-07-09T10:46:29.623366,
2b1d715f5200b987,https://cd.linkedin.com/jobs/view/responsable-de-la-zone-sud-lubero-at-julisha-cd-4436416784,Responsable de la zone sud Lubero,,scraped,2026-07-09T10:46:35.926906,
a6f1590fcf548fbb,https://cd.linkedin.com/jobs/view/charg%C3%A9-des-op%C3%A9rations-at-julisha-cd-4438182929,Chargé des Opérations,,scraped,2026-07-09T10:46:42.393321,
740b7220ffb82ba1,https://cd.linkedin.com/jobs/view/environmental-social-and-governance-specialist-at-vodacom-4431929846,Environmental Social and Governance Specialist,,scraped,2026-07-09T10:46:48.670411,
db0c60e72061cdef,https://cd.linkedin.com/jobs/view/adjoint-e-aux-finances-sc6-tshikapa-dr-congo-at-julisha-cd-4438204042,Adjoint(e) aux Finances SC6 | Tshikapa | DR Congo,,scraped,2026-07-09T10:46:56.510825,
c88c868ab54ee2e6,https://cd.linkedin.com/jobs/view/coordinateur-trice-at-julisha-cd-4436428250,Coordinateur.trice,,scraped,2026-07-09T10:47:05.421768,
732c8dcf3f5d6e12,https://cd.linkedin.com/jobs/view/un-e-secr%C3%A9taire-caissier-caissi%C3%A8re-pour-bukavu-at-julisha-cd-4438188795,Un(e) Secrétaire /Caissier (Caissière) pour Bukavu,,scraped,2026-07-09T10:47:11.567862,
f635e3833d044912,https://cd.linkedin.com/jobs/view/recrutement-senior-assistant-conseil-2-postes-at-julisha-cd-4436419624,Recrutement Senior & Assistant Conseil (2 postes),,scraped,2026-07-09T10:47:19.835835,
f77e3de81fff98ef,https://cd.linkedin.com/jobs/view/charg%C3%A9-e-de-la-production-animale-piscicole-at-julisha-cd-4438182934,Chargé(e) de la production animale & piscicole,,scraped,2026-07-09T10:47:27.094101,
932e4538d180f02a,https://cd.linkedin.com/jobs/view/cdc-technical-assistance-platform-tap-drc-in-country-coordinator-icc-at-julisha-cd-4436421591,CDC/Technical Assistance Platform (TAP) DRC In-Country Coordinator (ICC),,scraped,2026-07-09T10:47:33.255719,
1fef49887d8f749a,https://cd.linkedin.com/jobs/view/un-e-r%C3%A9alisateur-trice-radio-at-julisha-cd-4436428317,Un(e) Réalisateur(trice) Radio,,scraped,2026-07-09T10:47:41.506663,
9b586aa9f3ebb5a2,https://cd.linkedin.com/jobs/view/professeurs-staff-acad-admin-et-techniques-at-julisha-cd-4436423529,"Professeurs & Staff Acad, Admin et Techniques",,scraped,2026-07-09T10:47:47.702895,
ac3ad32ff416f9ec,https://cd.linkedin.com/jobs/view/coordinateur-trice-des-programmes-rdc-at-julisha-cd-4438192416,Coordinateur/trice des Programmes - RDC,,scraped,2026-07-09T10:47:53.605294,
2bf205b0b39222cf,https://cd.linkedin.com/jobs/view/responsable-des-op%C3%A9rations-at-julisha-cd-4438190505,Responsable des opérations,,scraped,2026-07-09T10:48:00.255003,
1c4e20655e3676b7,https://cd.linkedin.com/jobs/view/charg%C3%A9-e-des-achats-et-de-la-logistique-at-julisha-cd-4438191508,Chargé(e) des achats et de la logistique,,scraped,2026-07-09T10:48:08.427238,
a8a7ab60d161a9d3,https://cd.linkedin.com/jobs/view/charg%C3%A9-e-de-logistique-pays-at-julisha-cd-4438188801,Chargé.e de Logistique Pays,,scraped,2026-07-09T10:48:14.805541,
d8dc526cd319396c,https://cd.linkedin.com/jobs/view/safety-advisor-at-julisha-cd-4438204048,Safety Advisor,,scraped,2026-07-09T10:48:21.052999,
a1eeb969bb324b02,https://cd.linkedin.com/jobs/view/coordinatrice-eur-des-finances-pays-at-julisha-cd-4438195390,Coordinatrice/eur des finances pays,,scraped,2026-07-09T10:48:27.432548,
184ec836a3fd9c9f,https://cd.linkedin.com/jobs/view/head-of-systems-and-operations-for-dr-congo-at-people-in-need-4433169270,Head of Systems and Operations for DR Congo,,scraped,2026-07-09T10:48:33.565551,
ccb9f3017245836e,https://cd.linkedin.com/jobs/view/finance-controller-evaluation-audit-at-julisha-cd-4436432205,Finance Controller - Evaluation & Audit,,scraped,2026-07-09T10:48:40.090434,
2058a4f495b94433,https://cd.linkedin.com/jobs/view/finance-controller-evaluation-audit-at-julisha-cd-4436433123,Finance Controller - Evaluation & Audit,,scraped,2026-07-09T10:48:46.196643,
777fc207413eb388,https://cd.linkedin.com/jobs/view/water-sanitation-project-manager-at-julisha-cd-4438187787,Water & Sanitation Project Manager,,scraped,2026-07-09T10:48:52.474012,
7cfc84d22b8c77cd,https://cd.linkedin.com/jobs/view/responsable-logistique-projet-beni-rdc-%E2%80%93-h-f-at-julisha-cd-4438198227,Responsable Logistique Projet BENI - RDC – H/F,,scraped,2026-07-09T10:48:58.752862,
d5bf6bbb2bdc7462,https://cd.linkedin.com/jobs/view/gestionnaire-financier-de-groupement-at-julisha-cd-4436430200,Gestionnaire Financier de Groupement,,scraped,2026-07-09T10:49:04.796020,
e73262a2310704e0,https://cd.linkedin.com/jobs/view/coordinateur-h-f-d-des-programmes-at-julisha-cd-4438200170,Coordinateur (h/f/d) des Programmes,,scraped,2026-07-09T10:49:10.961304,
730ce66c844532c2,https://cd.linkedin.com/jobs/view/b2b-wholesales-specialist-at-vodacom-4433101017,B2B Wholesales Specialist,,scraped,2026-07-09T10:49:17.628108,
2513c58da837a803,https://cd.linkedin.com/jobs/view/manager-des-finances-at-julisha-cd-4438196368,Manager des finances,,scraped,2026-07-09T10:49:24.022993,
c43c12e0038b76da,https://cd.linkedin.com/jobs/view/community-engagement-worker-at-reliefweb-4436469930,Community Engagement Worker,ReliefWeb,posted,2026-07-09T10:49:35.049019,37
e89fb7090920720b,https://cd.linkedin.com/jobs/view/nurse-ebola-experience-at-iqarus-4433950484,Nurse (Ebola Experience),,scraped,2026-07-09T10:49:37.440657,
0b9bfbb4003b6a24,https://cd.linkedin.com/jobs/view/sp%C3%A9cialiste-en-gestion-environnemental-pour-l%E2%80%99%C3%A9quipe-de-coordination-at-julisha-cd-4438186789,Spécialiste en Gestion Environnemental pour l’équipe de Coordination,,scraped,2026-07-09T10:49:45.409992,
4457261a0d20a0c3,https://cd.linkedin.com/jobs/view/chauffeur-m%C3%A9canique-at-julisha-cd-4436424474,Chauffeur Mécanique,,scraped,2026-07-09T10:49:51.919012,
2c7679fe77895bdc,https://cd.linkedin.com/jobs/view/gestionnaire-financier-de-groupement-at-julisha-cd-4438184878,Gestionnaire Financier de Groupement,,scraped,2026-07-09T10:49:57.909033,
fdf7962494664055,https://cd.linkedin.com/jobs/view/expert-e-en-suivi-evaluation-at-julisha-cd-4438187762,Expert(e) en Suivi-Evaluation,,scraped,2026-07-09T10:50:04.088624,
a9f6eb2d30d7804f,https://cd.linkedin.com/jobs/view/auditeurs-internes-at-julisha-cd-4438188787,Auditeurs Internes,,scraped,2026-07-09T10:50:12.418697,
67ab08ab9dab3090,https://cd.linkedin.com/jobs/view/coordinateur-trice-conformit%C3%A9-h-f-%E2%80%93-goma-at-julisha-cd-4438198232,Coordinateur.trice Conformité (H/F) – Goma,,scraped,2026-07-09T10:50:18.394268,
df61c00a00619f66,https://cd.linkedin.com/jobs/view/chauffeur-et-chauffeur-m%C3%A9canicien-at-julisha-cd-4438190491,Chauffeur et chauffeur-mécanicien,,scraped,2026-07-09T10:50:25.139214,
b923403d904582f8,https://cd.linkedin.com/jobs/view/auditeur-interne-at-julisha-cd-4438192385,Auditeur Interne,,scraped,2026-07-09T10:50:31.457496,
79b640599b76af90,https://cd.linkedin.com/jobs/view/coordinateur-du-projet-nutriscapes-at-julisha-cd-4436421608,Coordinateur du Projet Nutriscapes,,scraped,2026-07-09T10:50:37.680591,
19e585079c5c87bd,https://cd.linkedin.com/jobs/view/charg%C3%A9-de-programme-%E2%80%93-paludisme-et-maladies-tropicales-n%C3%A9glig%C3%A9es-at-julisha-cd-4436429245,Chargé de programme – Paludisme et maladies tropicales négligées,,scraped,2026-07-09T10:50:46.206803,
bcfeeeb3e89ca091,https://cd.linkedin.com/jobs/view/programm-accountant-at-julisha-cd-4438192429,PROGRAMM ACCOUNTANT,,scraped,2026-07-09T10:50:52.159611,
18b82de22cd33786,https://cd.linkedin.com/jobs/view/responsable-genre-et-inclusion-at-julisha-cd-4436421574,Responsable Genre et Inclusion,,scraped,2026-07-09T10:50:58.411371,
29a17e3a3f209e45,https://cd.linkedin.com/jobs/view/grant-accountant-national-office-at-julisha-cd-4436422587,Grant Accountant National Office,,scraped,2026-07-09T10:51:04.735624,
f63df65e5d1b7b8f,https://cd.linkedin.com/jobs/view/coordonnateur-qualit%C3%A9-et-d%C3%A9veloppement-des-programmes-rdc-at-julisha-cd-4436435065,Coordonnateur Qualité et Développement des Programmes - RDC,,scraped,2026-07-09T10:51:10.791374,
ccf410eb9ff412c3,https://cd.linkedin.com/jobs/view/charg%C3%A9-de-biomonitoring-et-sig-at-julisha-cd-4438200167,Chargé de biomonitoring et SIG,,scraped,2026-07-09T10:51:16.925815,
1d8e86104367340c,https://cd.linkedin.com/jobs/view/field-coordinator-at-julisha-cd-4438187742,Field Coordinator,,scraped,2026-07-09T10:51:23.345900,
968dc3d091798f20,https://cd.linkedin.com/jobs/view/cluster-coordination-officer-cccm-at-julisha-cd-4438190534,Cluster Coordination Officer (CCCM),,scraped,2026-07-09T10:51:29.302660,
02c50a198c083bc6,https://cd.linkedin.com/jobs/view/senior-programme-manager-f-m-d-at-julisha-cd-4436429228,Senior Programme Manager (f/m/d),,scraped,2026-07-09T10:51:35.358462,
1ea5cb938acebf3e,https://cd.linkedin.com/jobs/view/conseiller-e-en-int%C3%A9grit%C3%A9-at-julisha-cd-4436426335,Conseiller(e) en intégrité,,scraped,2026-07-09T10:51:41.560936,
27e4be92689dd99b,https://cd.linkedin.com/jobs/view/conseiller-pour-l-%C3%A9tude-sur-la-r%C3%A9mun%C3%A9ration-et-les-avantages-sociaux-pour-la-r%C3%A9p-at-julisha-cd-4436417824,Conseiller pour l'Étude sur la rémunération et les avantages sociaux pour la Rép...,,scraped,2026-07-09T10:51:47.836523,
1685993e53d74bbd,https://cd.linkedin.com/jobs/view/manager-sant%C3%A9-et-s%C3%A9curit%C3%A9-dans-la-mine-at-kamoto-copper-company-s-a-4434518412,Manager santé et sécurité dans la mine,,scraped,2026-07-09T10:51:53.844087,
34ceb191002cad1d,https://cd.linkedin.com/jobs/view/meal-officer-ipc-wash-at-reliefweb-4436490047,"MEAL Officer, IPC & WASH",ReliefWeb,posted,2026-07-09T10:52:07.053594,117
f95a2a84a4287736,https://cd.linkedin.com/jobs/view/key-account-representative-at-africell-rdc-4434530724,Key Account Representative,,scraped,2026-07-09T10:52:09.511852,
f8d6ce23754b9519,https://cd.linkedin.com/jobs/view/sp%C3%A9cialiste-en-suivi-%C3%A9valuation-apprentissage-et-gestion-des-syst%C3%A8mes-d-inform-at-julisha-cd-4436420531,"Spécialiste en Suivi, Évaluation, Apprentissage et Gestion des Systèmes d'Inform...",,scraped,2026-07-09T10:52:18.359953,
77d27ca60db16e86,https://cd.linkedin.com/jobs/view/epidemiologiste-f-h-at-julisha-cd-4438201148,Epidemiologiste (F/H),,scraped,2026-07-09T10:52:24.612667,
82e984bb56862f9e,https://cd.linkedin.com/jobs/view/d%C3%A9ployer-les-plans-de-gestion-conjoints-les-protocoles-et-les-cadres-pour-la-co-at-julisha-cd-4436426265,"Déployer les plans de gestion conjoints, les protocoles et les cadres pour la co...",,scraped,2026-07-09T10:52:31.004878,
d5feb9f42edd5ecb,https://cd.linkedin.com/jobs/view/coordinateur-rice-terrain-at-julisha-cd-4438179958,Coordinateur.rice Terrain,,scraped,2026-07-09T10:52:37.224045,
c2a5ded55ac648c0,https://cd.linkedin.com/jobs/view/charg%C3%A9-e-national-%C3%A0-la-communication-communaut%C3%A9-femmes-et-les-filles-ssa8-ben-at-julisha-cd-4436429269,Chargé.e national à la communication (Communauté/ femmes et les filles) SSA8 Ben...,,scraped,2026-07-09T10:52:43.563412,
8b0a12c5cfe4875a,https://cd.linkedin.com/jobs/view/deux-officier-i%C3%A8re-communication-des-risques-et-engagement-communautaire-crec-at-julisha-cd-4438190382,Deux Officier(ière) Communication des Risques et Engagement Communautaire (CREC),,scraped,2026-07-09T10:52:49.632895,
eb1fb85cfdd28776,https://cd.linkedin.com/jobs/view/responsable-sera-h-f-at-julisha-cd-4438196307,Responsable SERA (H/f),,scraped,2026-07-09T10:52:56.032414,
bd889752100abd3f,https://cd.linkedin.com/jobs/view/charg%C3%A9-e-des-m%C3%A9tiers-radiophoniques-at-julisha-cd-4436418783,CHARGÉ.E DES MÉTIERS RADIOPHONIQUES,,scraped,2026-07-09T10:53:02.526673,
ab05afdfe857986c,https://cd.linkedin.com/jobs/view/responsable-communications-et-collaboration-apprentissage-et-adaptation-pour-l-at-julisha-cd-4438183944,"Responsable Communications, et Collaboration, Apprentissage et Adaptation pour l...",,scraped,2026-07-09T10:53:09.019660,
b6de93dba3d59142,https://cd.linkedin.com/jobs/view/security-and-safety-coordinator-%E2%80%93-nationals-only-at-julisha-cd-4436429258,Security and Safety Coordinator – Nationals Only,,scraped,2026-07-09T10:53:15.216602,
d9e728db4c36418d,https://cd.linkedin.com/jobs/view/directeur-trice-humanitaire-at-julisha-cd-4438194335,Directeur/trice humanitaire,,scraped,2026-07-09T10:53:21.669737,
61f350cd0ff21f2b,https://cd.linkedin.com/jobs/view/directeur-de-l-apprentissage-et-de-l-analyse-de-sta-at-julisha-cd-4436428340,Directeur de l'apprentissage et de l'analyse de STA,,scraped,2026-07-09T10:53:27.829492,
6788acfb84d8b2ba,https://cd.linkedin.com/jobs/view/regional-political-economy-analysis-of-the-forest-sector-in-central-africa-at-julisha-cd-4436415930,Regional Political Economy Analysis of the Forest Sector in Central Africa,,scraped,2026-07-09T10:53:34.610672,
a365f84673fb4325,https://cd.linkedin.com/jobs/view/shr-emergency-communications-specialist-at-julisha-cd-4438192396,SHR Emergency communications specialist,,scraped,2026-07-09T10:53:40.701058,
b4a015141f0fa393,https://cd.linkedin.com/jobs/view/charg%C3%A9e-de-genre-francophone-en-rdc-at-julisha-cd-4436435102,Chargée de Genre Francophone en RDC,,scraped,2026-07-09T10:53:46.953626,
809620c8f6133e16,https://cd.linkedin.com/jobs/view/responsable-terrain-de-la-protection-en-rdc-at-julisha-cd-4436421607,Responsable terrain de la protection en RDC,,scraped,2026-07-09T10:53:53.140794,
37767d2da9fa08ef,https://cd.linkedin.com/jobs/view/emergency-director-at-julisha-cd-4438201109,Emergency Director,,scraped,2026-07-09T10:53:59.061041,
d440901cc1f41c7b,https://cd.linkedin.com/jobs/view/consortium-manager-projet-%C3%A9ducation-at-julisha-cd-4436411990,Consortium Manager (Projet Éducation),,scraped,2026-07-09T10:54:05.589065,
86b51011fb11edf5,https://cd.linkedin.com/jobs/view/chief-of-party-drc-sanitation-activity-at-julisha-cd-4438200122,"Chief of Party, DRC Sanitation Activity",,scraped,2026-07-09T10:54:11.603777,
47f9a518d7c7c187,https://cd.linkedin.com/jobs/view/conseiller-national-en-mati%C3%A8re-de-s%C3%BBret%C3%A9-et-de-s%C3%A9curit%C3%A9-int10163-at-julisha-cd-4436411995,Conseiller national en matière de sûreté et de sécurité (INT10163),,scraped,2026-07-09T10:54:19.546520,
52589f772e4a8586,https://cd.linkedin.com/jobs/view/conseiller-e-technique-mobilisation-des-recettes-du-secteur-minier-at-julisha-cd-4436423526,Conseiller(e) Technique Mobilisation des recettes du secteur minier,,scraped,2026-07-09T10:54:26.768478,
f223726783a96659,https://cd.linkedin.com/jobs/view/full-time-fundraising-consultancy-bi-and-car-at-julisha-cd-4438204034,"Full time Fundraising Consultancy, BI and CAR",,scraped,2026-07-09T10:54:34.862114,
315589bb0a0bffa6,https://cd.linkedin.com/jobs/view/senior-humanitarian-affairs-officer-deputy-head-of-office-p5-temporary-job-o-at-julisha-cd-4438188799,"SENIOR HUMANITARIAN AFFAIRS OFFICER / DEPUTY HEAD OF OFFICE, P5 (Temporary Job O...",,scraped,2026-07-09T10:54:41.094863,
2674a82ca39c2013,https://cd.linkedin.com/jobs/view/telco-cyber-security-specialist-at-vodacom-4432786656,Telco Cyber Security Specialist,,scraped,2026-07-09T10:54:49.181088,
403a55b2d79402e9,https://cd.linkedin.com/jobs/view/consultant-international-p2-%E2%80%93-expert-en-int%C3%A9gration-technique-et-coordination-locale-at-international-civil-aviation-organization-4438167083,"Consultant International (P2) – ""Expert en Intégration Technique et Coordination Locale",,scraped,2026-07-09T10:54:59.831658,
5840bd28d258ceaf,https://cd.linkedin.com/jobs/view/sp%C3%A9cialiste-principal-en-mobilisation-des-ressources-internes-at-julisha-cd-4438198234,Spécialiste Principal en Mobilisation des Ressources Internes,,scraped,2026-07-09T10:55:06.614248,
6fdfff4067f4eef3,https://cd.linkedin.com/jobs/view/manager-meal-monitoring-evaluation-accountability-and-learning-at-julisha-cd-4438185848,"Manager MEAL (Monitoring, Evaluation, Accountability and Learning)",,scraped,2026-07-09T10:55:12.789670,
2bc3d9ade9c59c1f,https://cd.linkedin.com/jobs/view/coordinateur%C2%B7trice-terrain-at-julisha-cd-4436431218,Coordinateur·trice Terrain,,scraped,2026-07-09T10:55:18.847499,
1078de1422fd4cb0,https://cd.linkedin.com/jobs/view/associate-field-translator-nob-at-julisha-cd-4438194352,"ASSOCIATE FIELD TRANSLATOR, NOB",,scraped,2026-07-09T10:55:27.100137,
5940021c68de6d59,https://cd.linkedin.com/jobs/view/responsable-terrain-de-la-protection-en-rdc-at-julisha-cd-4438194340,Responsable terrain de la protection en RDC,,scraped,2026-07-09T10:55:33.322529,
4dc6ef22c6b9da23,https://cd.linkedin.com/jobs/view/chef-du-d%C3%A9partement-procurement-%E2%80%93-experience-internationale-at-julisha-cd-4438202086,Chef du Département Procurement – Experience internationale,,scraped,2026-07-09T10:55:39.341155,
a16747698601c1be,https://cd.linkedin.com/jobs/view/experts-techniques-at-julisha-cd-4436428252,Experts Techniques,,scraped,2026-07-09T10:55:49.470356,
79fd43b635ee8ae2,https://cd.linkedin.com/jobs/view/chef-d-%C3%A9quipe-adjoint-pacs-rdc-at-julisha-cd-4436424444,Chef d'équipe adjoint - PACS - RDC,,scraped,2026-07-09T10:55:55.534324,
e152f107266d137a,https://cd.linkedin.com/jobs/view/expert-e-audit-institutionnel-genre-inclusion-sociale-at-julisha-cd-4438184872,Expert (e) Audit institutionnel Genre & Inclusion sociale,,scraped,2026-07-09T10:56:05.982651,
3ee9ecdddb2f5109,https://cd.linkedin.com/jobs/view/responsable-de-la-production-at-virunga-foundation-4436533421,Responsable de la production,,scraped,2026-07-09T10:56:14.152155,
62138e12690c12b7,https://cd.linkedin.com/jobs/view/psychologist-f-m-x-for-trauma-healing-in-conflict-transformation-at-community-at-julisha-cd-4438194355,Psychologist (f/m/x) for trauma healing in conflict transformation at community...,,scraped,2026-07-09T10:56:24.370034,
dc7094ac30cb8727,https://cd.linkedin.com/jobs/view/francophone-customer-support-representative-%E2%80%93-remote-at-talentpop-app-4434884344,Francophone Customer Support Representative – Remote,TalentPop App,posted,2026-07-09T10:56:36.602811,119
5e586cf1fd1b3442,https://cd.linkedin.com/jobs/view/francophone-customer-support-representative-%E2%80%93-remote-at-talentpop-app-4434872660,Francophone Customer Support Representative – Remote,TalentPop App,scraped,2026-07-09T10:56:40.674241,
e1a06fef530b4291,https://cd.linkedin.com/jobs/view/francophone-customer-support-representative-%E2%80%93-remote-at-talentpop-app-4434874623,Francophone Customer Support Representative – Remote,TalentPop App,scraped,2026-07-09T10:56:44.784758,
2f4a70f09e3efad2,https://cd.linkedin.com/jobs/view/francophone-customer-support-representative-%E2%80%93-remote-at-talentpop-app-4434874599,Francophone Customer Support Representative – Remote,TalentPop App,scraped,2026-07-09T10:56:48.847338,
aebc82f135c9c79f,https://cd.linkedin.com/jobs/view/sp%C3%A9cialiste-de-genre-egalit%C3%A9-et-inclusion-sociale-gesi-at-julisha-cd-4438203096,"Spécialiste de Genre, Egalité et Inclusion Sociale (GESI)",,scraped,2026-07-09T10:56:51.445054,
8b9c5af3ed49ccb9,https://cd.linkedin.com/jobs/view/senior-commercial-funding-officer-at-julisha-cd-4438191485,Senior Commercial Funding Officer,,scraped,2026-07-09T10:56:57.952117,
4f8e3251b3034b65,https://cd.linkedin.com/jobs/view/work-from-home-customer-support-%E2%80%93-french-speaking-at-talentpop-app-4434877630,Work-from-Home Customer Support – French Speaking,TalentPop App,posted,2026-07-09T10:57:06.711376,59
e80c9df7bca30b2b,https://cd.linkedin.com/jobs/view/work-from-home-customer-support-%E2%80%93-french-speaking-at-talentpop-app-4434877628,Work-from-Home Customer Support – French Speaking,TalentPop App,scraped,2026-07-09T10:57:10.842356,
93571c2890cd5391,https://cd.linkedin.com/jobs/view/work-from-home-customer-support-%E2%80%93-french-speaking-at-talentpop-app-4434879541,Work-from-Home Customer Support – French Speaking,TalentPop App,scraped,2026-07-09T10:57:15.150646,
ee67d16d6977acc1,https://cd.linkedin.com/jobs/view/responsable-technique-de-terrain-pour-l-action-contre-les-mines-at-julisha-cd-4436429206,Responsable technique de terrain pour l'action contre les mines,,scraped,2026-07-09T10:57:19.619673,
7759acd43543fc84,https://cd.linkedin.com/jobs/view/expert-on-large-scale-simulation-exercises-simex-at-julisha-cd-4438188782,Expert on Large-scale simulation exercises (SIMEX),,scraped,2026-07-09T10:57:25.746427,
7d71a2235d041ce0,https://cd.linkedin.com/jobs/view/rdc-directeur-trice-pays-h-f-goma-at-julisha-cd-4436418787,RDC - Directeur.trice Pays (H/F) - Goma,,scraped,2026-07-09T10:57:31.887740,
9920ef5db6df87df,https://cd.linkedin.com/jobs/view/expert-en-mobilisation-des-fonds-fundraising-at-julisha-cd-4438190532,Expert en mobilisation des fonds/Fundraising,,scraped,2026-07-09T10:57:40.063573,
def381ce5c5c928f,https://cd.linkedin.com/jobs/view/deputy-chief-of-party-at-julisha-cd-4438183926,Deputy Chief of Party,,scraped,2026-07-09T10:57:50.698466,
b2648c7dd7b59c7d,https://cd.linkedin.com/jobs/view/virtual-customer-support-agent-french-english-%E2%80%93-100%25-remote-at-talentpop-app-4434875585,Virtual Customer Support Agent (French/English) – 100% Remote,TalentPop App,scraped,2026-07-09T10:58:07.559192,
45e20c2db4c5e8be,https://cd.linkedin.com/jobs/view/virtual-customer-support-agent-french-english-%E2%80%93-100%25-remote-at-talentpop-app-4434890283,Virtual Customer Support Agent (French/English) – 100% Remote,TalentPop App,scraped,2026-07-09T10:58:11.629891,
fd4a751e9bda0eac,https://cd.linkedin.com/jobs/view/sp%C3%A9cialiste-bilingue-fran%C3%A7ais-anglais-du-support-client-%E2%80%94-voix-et-chat-at-talentpop-app-4434878581,Spécialiste Bilingue (Français/Anglais) du Support Client — Voix et Chat,TalentPop App,posted,2026-07-09T10:58:24.671748,121
5b4a757fc0131a69,https://cd.linkedin.com/jobs/view/coordinateur-ice-terrain-h-f-at-julisha-cd-4438197275,Coordinateur.ice Terrain (H/F),,scraped,2026-07-09T10:58:27.096114,
f352d2c417671dc1,https://cd.linkedin.com/jobs/view/french-speaking-customer-support-specialist-at-talentpop-app-4434887513,French-Speaking Customer Support Specialist,TalentPop App,posted,2026-07-09T10:58:35.564601,99
daf28081ac40a59f,https://cd.linkedin.com/jobs/view/institutional-capacity-building-specialist-sp%C3%A9cialiste-en-renforcement-des-capa-at-julisha-cd-4438192417,Institutional Capacity Building Specialist (Spécialiste en renforcement des capa...,,scraped,2026-07-09T10:58:40.238663,
040c6cc662b195e1,https://cd.linkedin.com/jobs/view/spec-billing-integrity-performance-at-vodacom-4431938721,Spec Billing Integrity & Performance,,scraped,2026-07-09T10:58:46.821665,
1dff7f182bd41fae,https://cd.linkedin.com/jobs/view/mtc-manager-at-the-church-of-jesus-christ-of-latter-day-saints-4435222429,MTC Manager,The Church of Jesus Christ of Latter-day Saints,posted,2026-07-09T10:59:05.543911,123
64992770efd7441b,https://cd.linkedin.com/jobs/view/cvm-specialist-high-value-at-vodacom-4430600722,CVM Specialist: High Value,,scraped,2026-07-09T10:59:08.155850,
2216c316170d5622,https://cd.linkedin.com/jobs/view/delegue-commercial-at-itm-tanzania-limited-4436861160,Delegue commercial,,scraped,2026-07-09T18:43:38.824656,
9a56b0aa1955677b,https://cd.linkedin.com/jobs/view/plusieurs-postes-2-at-julisha-cd-4436427259,Plusieurs Postes (2),,scraped,2026-07-09T18:43:47.624763,
6126983019d78130,https://cd.linkedin.com/jobs/view/plusieurs-postes-3-at-julisha-cd-4436429233,Plusieurs postes (3),,scraped,2026-07-09T18:43:53.961212,
1720a83499269596,https://cd.linkedin.com/jobs/view/plusieurs-postes-9-at-julisha-cd-4436426280,Plusieurs postes (9),,scraped,2026-07-09T18:44:00.493262,
b87b60421022458a,https://cd.linkedin.com/jobs/view/career-in-luke-at-tulanet-4436926005,Career in Luke,,scraped,2026-07-09T18:44:06.445957,
0ddfdb344c5fbea2,https://cd.linkedin.com/jobs/view/plusieurs-postes-3-at-julisha-cd-4436434027,Plusieurs postes (3),,scraped,2026-07-09T18:44:13.541043,
9fa629520f8ca085,https://cd.linkedin.com/jobs/view/plusieurs-postes-2-at-julisha-cd-4436433152,Plusieurs postes (2),,scraped,2026-07-09T18:44:19.802376,
0d300c336ff21641,https://cd.linkedin.com/jobs/view/plusieurs-postes-4-at-julisha-cd-4436423471,Plusieurs postes (4),,scraped,2026-07-09T18:44:26.232884,
c1e6206a5b94be2e,https://cd.linkedin.com/jobs/view/infectious-disease-surveillance-advisor-epidemic-preparedness-and-response-global-health-programs-at-path-4437168633,"Infectious Disease Surveillance Advisor, Epidemic Preparedness and Response, Global Health Programs",PATH,posted,2026-07-09T18:44:55.722660,125
9064f1d9fc4990ab,https://cd.linkedin.com/jobs/view/financial-accountant-at-sandvik-4433166871,Financial Accountant,,scraped,2026-07-09T18:44:58.445304,
6609d6af5eb94ef7,https://cd.linkedin.com/jobs/view/sales-manager-wholesale-food-distribution-drc-at-gtmb-international-fze-4435679530,Sales Manager (Wholesale Food Distribution (DRC)),,scraped,2026-07-09T18:45:06.211899,
0d6cb43a623ea2fe,https://cd.linkedin.com/jobs/view/regulatory-specialist-at-vodacom-4433184793,Regulatory Specialist,,scraped,2026-07-09T18:45:19.032466,
ae53dc06508b314d,https://cd.linkedin.com/jobs/view/responsable-d%E2%80%99exploitation-at-virunga-energies-4436081349,Responsable d’exploitation,,scraped,2026-07-09T18:45:28.704476,
9d17129767a29bac,https://cd.linkedin.com/jobs/view/card-sales-representative-kzn-at-totalenergies-4417337493,Card Sales Representative - KZN,,scraped,2026-07-09T18:45:36.924093,
35a0d4c329361e51,https://cd.linkedin.com/jobs/view/business-development-center-manager-at-ja-solar-4435409723,Business Development Center Manager,JA Solar,posted,2026-07-09T18:46:07.835478,127
7960232e33b8de24,https://cd.linkedin.com/jobs/view/responsable-du-d%C3%A9veloppement-agricole-at-virunga-foundation-4436090125,Responsable du développement agricole,,scraped,2026-07-09T18:46:10.224873,
989296c678799157,https://cd.linkedin.com/jobs/view/national-technical-specialist-open-to-internal-and-external-applicants-at-undp-careers-4436193579,National Technical Specialist [Open to internal and external applicants],UNDP Careers,posted,2026-07-09T18:46:26.595345,95
eaaf684e700e0853,https://cd.linkedin.com/jobs/view/marketing-director-drc-at-visa-4425481525,Marketing Director - DRC,Visa,posted,2026-07-09T18:46:43.872578,129
1004231c0c4c121c,https://cd.linkedin.com/jobs/view/physician-ebola-experience-at-iqarus-4433935800,Physician (Ebola Experience),,scraped,2026-07-09T18:46:48.274721,
ea311ecadb700960,https://cd.linkedin.com/jobs/view/digital-media-specialist-at-vodacom-4430683777,Digital Media Specialist,,scraped,2026-07-09T18:46:56.450765,
095354f7641de83e,https://cd.linkedin.com/jobs/view/assistant-e-a-la-gestion-des-installations-gl-4-at-julisha-cd-4438182922,"ASSISTANT(E) A LA GESTION DES INSTALLATIONS, GL-4",,scraped,2026-07-09T18:47:02.621092,
3cafd3c5c2ebd2a3,https://cd.linkedin.com/jobs/view/country-financial-controller-at-julisha-cd-4438196345,Country Financial Controller,,scraped,2026-07-09T18:47:09.040040,
6e7f7d15aeb668ac,https://cd.linkedin.com/jobs/view/procurement-and-logistics-officer-at-fhi-360-4438641874,Procurement and Logistics Officer,FHI 360,posted,2026-07-09T18:47:30.068854,131
6d1b859968676b08,https://cd.linkedin.com/jobs/view/gestionnaire-de-la-logistique-at-julisha-cd-4436427229,Gestionnaire de la logistique,,scraped,2026-07-09T18:47:32.383967,
69da06dd6bd7b3f9,https://cd.linkedin.com/jobs/view/comptable-at-julisha-cd-4438191505,Comptable,,scraped,2026-07-09T18:47:38.712248,
ef7ab8f6e53d59c1,https://cd.linkedin.com/jobs/view/logistic-inventory-specialist-at-julisha-cd-4438185844,Logistic / Inventory Specialist,,scraped,2026-07-09T18:47:45.277603,
3de7adf25bd918ad,https://cd.linkedin.com/jobs/view/assistante-finance-at-julisha-cd-4438195217,Assistante Finance,,scraped,2026-07-09T18:47:53.041865,
694e1ee6ef2df549,https://cd.linkedin.com/jobs/view/chauffeur-at-julisha-cd-4438188806,Chauffeur,,scraped,2026-07-09T18:47:59.087729,
75a3501d57d80030,https://cd.linkedin.com/jobs/view/safe-and-dignified-burial-officer-at-fhi-360-4438644818,Safe and Dignified Burial Officer,FHI 360,posted,2026-07-09T18:48:13.240266,133
cd4bc435d3a4c5b4,https://cd.linkedin.com/jobs/view/monitoring-and-evaluation-officer-at-fhi-360-4438660068,Monitoring and Evaluation Officer,FHI 360,posted,2026-07-09T18:48:34.117772,135
8779f361a4df5f61,https://cd.linkedin.com/jobs/view/logistics-assistant-at-fhi-360-4438656250,Logistics Assistant,FHI 360,posted,2026-07-09T18:48:45.873510,137
a2d11ab6271ad223,https://cd.linkedin.com/jobs/view/finance-associate-at-fhi-360-4438648678,Finance Associate,FHI 360,posted,2026-07-09T18:48:54.833839,57
ad677165d02a43e7,https://cd.linkedin.com/jobs/view/mining-health-safety-manager-at-glencore-4436233697,Mining Health & Safety Manager,,scraped,2026-07-09T18:48:57.394936,
aa1ce4f9cd8d7901,https://cd.linkedin.com/jobs/view/afrique-centrale-administrateur-r%C3%A9gional-at-julisha-cd-4438199207,Afrique Centrale - Administrateur Régional,,scraped,2026-07-09T18:49:07.986424,
eee6078d85c3fb47,https://cd.linkedin.com/jobs/view/responsable-des-financements-et-du-reporting-h-f-at-julisha-cd-4436432048,Responsable des Financements et du reporting (H/F),,scraped,2026-07-09T18:49:16.391673,
14725a35fb0a7c21,https://cd.linkedin.com/jobs/view/head-of-program-operations-at-julisha-cd-4436424459,Head of Program Operations,,scraped,2026-07-09T18:49:22.528413,
695561b284044e09,https://cd.linkedin.com/jobs/view/operations-manager-at-julisha-cd-4436416914,Operations Manager,,scraped,2026-07-09T18:49:28.847191,
c2a84604c82aacda,https://cd.linkedin.com/jobs/view/adjoint-au-coordinateur-financier-f-h-rdc-at-julisha-cd-4436416843,Adjoint au coordinateur financier (F/H) - RDC,,scraped,2026-07-09T18:49:35.305325,
9ccd3d306e80411e,https://cd.linkedin.com/jobs/view/logisticien-kal%C3%A9mie-f-h-at-julisha-cd-4438194329,Logisticien Kalémie (F/H),,scraped,2026-07-09T18:49:41.313553,
fb000567172e430c,https://cd.linkedin.com/jobs/view/consultant-contr%C3%B4leur-financier-at-julisha-cd-4438182974,Consultant Contrôleur Financier,,scraped,2026-07-09T18:49:50.537273,
484bfab569a40fe4,https://cd.linkedin.com/jobs/view/work-from-home-customer-support-%E2%80%93-french-speaking-at-talentpop-app-4434879416,Work-from-Home Customer Support – French Speaking,TalentPop App,posted,2026-07-09T18:50:04.446422,59
9d271a47172a2345,https://cd.linkedin.com/jobs/view/work-from-home-customer-support-%E2%80%93-french-speaking-at-talentpop-app-4434876608,Work-from-Home Customer Support – French Speaking,TalentPop App,scraped,2026-07-09T18:50:08.577840,
bf34bc265c596d1c,https://cd.linkedin.com/jobs/view/work-from-home-customer-support-%E2%80%93-french-speaking-at-talentpop-app-4434878510,Work-from-Home Customer Support – French Speaking,TalentPop App,scraped,2026-07-09T18:50:14.672702,
575a6263ad01651b,https://cd.linkedin.com/jobs/view/french-english-customer-support-associate-at-talentpop-app-4434877534,French-English Customer Support Associate,TalentPop App,posted,2026-07-09T18:50:35.381416,139
ce5730cacc7d6871,https://cd.linkedin.com/jobs/view/french-english-customer-support-associate-at-talentpop-app-4434870898,French-English Customer Support Associate,TalentPop App,scraped,2026-07-09T18:50:39.402374,
1380ad1ef4962cf2,https://cd.linkedin.com/jobs/view/sp%C3%A9cialiste-bilingue-fran%C3%A7ais-anglais-du-support-client-%E2%80%94-voix-et-chat-at-talentpop-app-4434876697,Spécialiste Bilingue (Français/Anglais) du Support Client — Voix et Chat,TalentPop App,posted,2026-07-09T18:50:52.401853,141
e57ff9aa31337c24,https://cd.linkedin.com/jobs/view/sp%C3%A9cialiste-bilingue-fran%C3%A7ais-anglais-du-support-client-%E2%80%94-voix-et-chat-at-talentpop-app-4434887383,Spécialiste Bilingue (Français/Anglais) du Support Client — Voix et Chat,TalentPop App,scraped,2026-07-09T18:50:58.667309,
45ec22d1917624f2,https://cd.linkedin.com/jobs/view/sp%C3%A9cialiste-bilingue-fran%C3%A7ais-anglais-du-support-client-%E2%80%94-voix-et-chat-at-talentpop-app-4434880514,Spécialiste Bilingue (Français/Anglais) du Support Client — Voix et Chat,TalentPop App,scraped,2026-07-09T18:51:02.788004,
851f8d89bdd9c908,https://cd.linkedin.com/jobs/view/remote-french-bilingual-customer-support-representative-at-talentpop-app-4434891151,Remote French Bilingual Customer Support Representative,TalentPop App,posted,2026-07-09T18:51:13.389859,143
11a5893009c16bc2,https://cd.linkedin.com/jobs/view/remote-french-bilingual-customer-support-representative-at-talentpop-app-4434880419,Remote French Bilingual Customer Support Representative,TalentPop App,scraped,2026-07-09T18:51:17.448084,
4ed0478189b10260,https://cd.linkedin.com/jobs/view/remote-french-bilingual-customer-support-representative-at-talentpop-app-4434879586,Remote French Bilingual Customer Support Representative,TalentPop App,scraped,2026-07-09T18:51:21.511869,
e12bef92085d7a4b,https://cd.linkedin.com/jobs/view/remote-french-bilingual-customer-support-representative-at-talentpop-app-4434873754,Remote French Bilingual Customer Support Representative,TalentPop App,scraped,2026-07-09T18:51:25.630204,
462bd44da20dcb7c,https://cd.linkedin.com/jobs/view/senior-wetland-ecologist-at-wsp-in-canada-4260173683,Senior Wetland Ecologist,WSP in Canada,posted,2026-07-09T18:51:42.017212,145
decd278887c9ca3c,https://cd.linkedin.com/jobs/view/conseiller-e-technique-gouvernance-mini%C3%A8re-at-julisha-cd-4436414990,Conseiller(e) Technique Gouvernance Minière,,scraped,2026-07-09T18:52:02.761253,
06fd31ee9ab92161,https://cd.linkedin.com/jobs/view/agent-de-projet-at-julisha-cd-4436435067,Agent de projet,,scraped,2026-07-09T18:52:09.810424,
1fe2936d060f657e,https://cd.linkedin.com/jobs/view/conseiller-e-technique-en-nutrition-at-julisha-cd-4436422559,Conseiller(e) technique en nutrition,,scraped,2026-07-09T18:52:16.090817,
bbb32e23b0f87112,https://cd.linkedin.com/jobs/view/supv-security-temple-at-a-igreja-de-jesus-cristo-dos-santos-dos-%C3%BAltimos-dias-4436463592,"Supv,Security,Temple",,scraped,2026-07-09T18:52:23.670213,
87a9fe498e44d040,https://cd.linkedin.com/jobs/view/program-assistant-at-fhi-360-4438646754,Program Assistant,FHI 360,posted,2026-07-09T18:52:39.393353,147
cb9b8cad8481fd21,https://cd.linkedin.com/jobs/view/responsable-meal-suivi-%C3%A9valuation-apprentissage-et-redevabilit%C3%A9-at-julisha-cd-4438187761,"Responsable MEAL (suivi, évaluation, apprentissage et redevabilité)",,scraped,2026-07-09T18:52:41.785779,
9b0a093cd1ad3de7,https://cd.linkedin.com/jobs/view/former-des-formateurs-et-des-conseillers-psychosociaux-f-h-x-pour-accompagner-at-julisha-cd-4436435106,Former des formateurs et des conseillers psychosociaux (f/h/x) pour accompagner...,,scraped,2026-07-09T18:52:47.907728,
bd5b2741b507bc2d,https://cd.linkedin.com/jobs/view/head-of-systems-and-operations-for-dr-congo-at-reliefweb-4436474652,Head of Systems and Operations for DR Congo,ReliefWeb,posted,2026-07-09T18:52:57.476187,51
7f89f15705fb3976,https://cd.linkedin.com/jobs/view/un%C2%B7e-responsable-de-departement-suivi-evaluation-redevabilite-apprentissage-at-julisha-cd-4436425443,UN·E RESPONSABLE DE DEPARTEMENT SUIVI EVALUATION REDEVABILITE APPRENTISSAGE,,scraped,2026-07-09T18:52:59.841368,
6406ee57dfb4d4e9,https://cd.linkedin.com/jobs/view/gestion-de-cas-communautaire-conseiller-de-programme-paludisme-at-julisha-cd-4436431216,"Gestion de cas communautaire - Conseiller de programme, paludisme",,scraped,2026-07-09T18:53:06.667794,
4361e52f873343f9,https://cd.linkedin.com/jobs/view/charge-de-programme-changement-social-et-comportemental-csc-at-julisha-cd-4436414992,"Charge de programme, changement social et comportemental (CSC)",,scraped,2026-07-09T18:53:12.909326,
f160d54dd600b701,https://cd.linkedin.com/jobs/view/protection-and-accountability-to-affected-population-officer-at-julisha-cd-4436431273,Protection and Accountability to Affected Population Officer,,scraped,2026-07-09T18:53:19.045802,
fa823a74525910ba,https://cd.linkedin.com/jobs/view/coordinateur%C2%B7trice-mhpss-at-julisha-cd-4436433198,Coordinateur·trice MHPSS,,scraped,2026-07-09T18:53:26.574769,
7e12e2f5c4999f4c,https://cd.linkedin.com/jobs/view/conseiller-e-technique-junior-bois-%C3%A9nergie-at-julisha-cd-4438187764,Conseiller(e) Technique Junior bois-énergie,,scraped,2026-07-09T18:53:32.687902,
46da9e048727fb69,https://cd.linkedin.com/jobs/view/point-focal-pour-le-suivi-l-%C3%A9valuation-la-responsabilit%C3%A9-et-l-apprentissage-m-at-julisha-cd-4436415906,"Point focal pour le suivi, l'évaluation, la responsabilité et l'apprentissage (M...",,scraped,2026-07-09T18:53:40.772840,
1f0ff7dc39133bb4,https://cd.linkedin.com/jobs/view/charg%C3%A9-e-d%E2%80%99%C3%A9valuation-unit%C3%A9-redevabilit%C3%A9-et-r%C3%A9silience-en-rdc-base-%C3%A0-goma-at-julisha-cd-4438188786,"Chargé.e d’évaluation (Unité redevabilité et résilience) en RDC, base à Goma",,scraped,2026-07-09T18:53:46.755164,
eeeeebf54526b7ac,https://cd.linkedin.com/jobs/view/grants-manager-h-f-at-julisha-cd-4438185871,Grants Manager (H/F),,scraped,2026-07-09T18:53:53.012419,
a20cbdfbc69a69ed,https://cd.linkedin.com/jobs/view/coordonnateur-du-projet-sap-sap-project-manager-at-julisha-cd-4438198225,Coordonnateur du Projet SAP / SAP Project Manager,,scraped,2026-07-09T18:53:59.155609,
b80b1f5c1c9526cd,https://cd.linkedin.com/jobs/view/responsable-log-admi-fin-h-f-goma-at-julisha-cd-4436432186,Responsable Log Admi-Fin (H/F) - Goma,,scraped,2026-07-09T18:54:05.164305,
fd2e185f539c817b,https://cd.linkedin.com/jobs/view/technical-director-drc-sanitation-activity-at-julisha-cd-4438198210,"Technical Director, DRC Sanitation Activity",,scraped,2026-07-09T18:54:11.432891,
561bd3ddd7f82afd,https://cd.linkedin.com/jobs/view/program-manager-risk-at-julisha-cd-4438186793,"Program Manager, Risk",,scraped,2026-07-09T18:54:19.468796,
fc04a5cccfd3bdd3,https://cd.linkedin.com/jobs/view/market-systems-advisor-at-julisha-cd-4438204041,Market Systems Advisor,,scraped,2026-07-09T18:54:25.836121,
7f6d390b644f2146,https://cd.linkedin.com/jobs/view/risk-communication-and-community-engagement-rcce-coordinator-at-save-the-children-colombia-oficial-4438195003,Risk Communication and Community Engagement (RCCE) Coordinator,,scraped,2026-07-09T18:54:32.721619,
573d774f9c8c6f99,https://cd.linkedin.com/jobs/view/grants-director-usaid-drc-peacebuilding-and-biodiversity-conservation-at-julisha-cd-4438190516,"Grants Director, USAID/DRC Peacebuilding and Biodiversity Conservation",,scraped,2026-07-09T18:54:40.532319,
19e336e8ae6e02ef,https://cd.linkedin.com/jobs/view/manager-of-programme-quality-at-julisha-cd-4436426319,Manager of Programme Quality,,scraped,2026-07-09T18:54:46.764178,
179574569257ed67,https://cd.linkedin.com/jobs/view/national-security-coordinator-at-julisha-cd-4438203074,National Security Coordinator,,scraped,2026-07-09T18:54:52.853437,
2b77f1584fa13347,https://cd.linkedin.com/jobs/view/sp%C3%A9cialiste-en-d%C3%A9veloppement-social-pour-l%E2%80%99%C3%A9quipe-de-coordination-at-julisha-cd-4438187755,Spécialiste en Développement Social pour l’équipe de Coordination,,scraped,2026-07-09T18:54:59.086016,
019666fec18eab44,https://cd.linkedin.com/jobs/view/psychologist-f-m-x-for-trauma-healing-at-julisha-cd-4438194344,Psychologist (f/m/x) for trauma healing,,scraped,2026-07-09T18:55:05.403104,
45ea311675fb0b14,https://cd.linkedin.com/jobs/view/le-coordinateur-terrain-nutrition-ct-at-julisha-cd-4436414957,Le Coordinateur terrain Nutrition (CT),,scraped,2026-07-09T18:55:11.489601,
d40c4ea1a24b99bf,https://cd.linkedin.com/jobs/view/logistics-officer-goma-field-only-at-catholic-relief-services-4436095615,Logistics Officer - Goma (Field Only),Catholic Relief Services,posted,2026-07-09T18:55:44.059240,149
dc17763ec21c7f1b,https://cd.linkedin.com/jobs/view/chef-cheffe-d-%C3%A9quipe-expert-e-en-%C3%A9nergie-at-ntu-international-a-s-4438608703,Chef / Cheffe d'Équipe - Expert(e) en Énergie,,scraped,2026-07-09T18:55:46.678245,
